"Theme","Board","Release","Launch?","Clue id","Category","Clue","Answer","Why it is in this theme","Wrong theme?"
"Arsenal","1","2026-08-17","yes","EC2026","European Cup Winner → Year","Won the Champions League in 2026, beating Arsenal on penalties","Paris St Germain","""arsenal"" in clue",""
"Arsenal","1","2026-08-17","yes","V30305","Player Identity / Who Am I","French striker who played for Arsenal before joining Chelsea in 2018","Giroud","""arsenal"" in clue",""
"Arsenal","1","2026-08-17","yes","V30291","Player Identity / Who Am I","Spanish midfielder who played for Arsenal and Barcelona before joining Chelsea in 2014","Fabregas","""arsenal"" in clue",""
"Arsenal","1","2026-08-17","yes","V30278","Famous Goals & Moments","Scored Arsenal's extra-time winner in the 2014 FA Cup final","Ramsey","""arsenal"" in clue",""
"Arsenal","1","2026-08-17","yes","TRL0141","Transfer → Club Left","Eberechi Eze joined Arsenal from which club in 2025?","Crystal Palace","""arsenal"" in clue",""
"Arsenal","1","2026-08-17","yes","TRL0357","Transfer → Club Left","Mesut Özil joined Arsenal from which club in 2013?","Real Madrid","""arsenal"" in clue",""
"Arsenal","1","2026-08-17","yes","V30165","Managers","Managed Arsenal to the 2020 FA Cup","Arteta","""arsenal"" in clue",""
"Arsenal","1","2026-08-17","yes","V30494","Nicknames & Identities","Arsenal midfielder known as 'The Romford Pele'","Parlour","""arsenal"" in clue",""
"Arsenal","1","2026-08-17","yes","PL1112","Premier League Top Scorer → Season","Arsenal's Premier League top scorer in 2011/12","Van Persie","""arsenal"" in clue; ""arsenal"" in entity",""
"Arsenal","1","2026-08-17","yes","V30220","Famous Goals & Moments","Scored in both Arsenal's 2017 FA Cup semi-final and final","Sanchez","""arsenal"" in clue",""
"Arsenal","1","2026-08-17","yes","V30111","Managers","Replaced Arsene Wenger as Arsenal manager","Emery","""arsenal"" in clue",""
"Arsenal","2","2026-08-17","yes","V30051","Stadiums & Club History","Arsenal’s home before moving to the Emirates Stadium","Highbury","""arsenal"" in clue; ""highbury"" in answer; ""emirates"" in clue",""
"Arsenal","2","2026-08-17","yes","V30006","Derbies & Rivalries","Arsenal v Tottenham is the ___ London derby","North","""arsenal"" in clue",""
"Arsenal","2","2026-08-17","yes","V30117","Managers","Managed Arsenal to their first Premier League title in 1997/98","Wenger","""arsenal"" in clue",""
"Arsenal","2","2026-08-17","yes","V30283","Player Identity / Who Am I","Dutch striker who left Arsenal for Manchester United in 2012 and won the title in his first season","Van Persie","""arsenal"" in clue",""
"Arsenal","2","2026-08-17","yes","V30155","Managers","Succeeded Emery as Arsenal’s next permanent manager","Arteta","""arsenal"" in clue",""
"Arsenal","2","2026-08-17","yes","TRL0099","Transfer → Club Left","Kai Havertz joined Arsenal from which club in 2023?","Chelsea","""arsenal"" in clue",""
"Arsenal","2","2026-08-17","yes","V30321","Player Identity / Who Am I","Chilean forward who played for Arsenal before joining Manchester United in 2018","Sanchez","""arsenal"" in clue",""
"Arsenal","2","2026-08-17","yes","TRL0553","Transfer → Club Left","Jurriën Timber joined Arsenal from which club in 2023?","Ajax","""arsenal"" in clue",""
"Arsenal","2","2026-08-17","yes","V30207","Famous Goals & Moments","Scored Arsenal's title-winning goal at Anfield in 1989","Thomas","""arsenal"" in clue",""
"Arsenal","2","2026-08-17","yes","TRL0285","Transfer → Club Left","Alexandre Lacazette joined Arsenal from which club in 2017?","Lyon","""arsenal"" in clue",""
"Arsenal","2","2026-08-17","yes","UC2000","Europa League Winner → Year","Won the UEFA Cup in 2000, beating Arsenal in the final","Galatasaray","""arsenal"" in clue",""
"Chelsea","1","2026-08-17","yes","FA2026","FA Cup Winner → Year","Won the FA Cup in 2026, beating Chelsea in the final","Manchester City","""chelsea"" in clue",""
"Chelsea","1","2026-08-17","yes","V30115","Managers","Managed Chelsea when they won the 2021 Champions League","Tuchel","""chelsea"" in clue",""
"Chelsea","1","2026-08-17","yes","V30263","Famous Goals & Moments","Chelsea goalkeeper who saved Arjen Robben's extra-time penalty in the 2012 Champions League final","Cech","""chelsea"" in clue",""
"Chelsea","1","2026-08-17","yes","CORU2025","Conference League Runner-Up → Year","Chelsea may have won the Conference League in 2025, but who did they beat in the final?","Real Betis","""chelsea"" in clue",""
"Chelsea","1","2026-08-17","yes","V30198","Managers","Italian manager who won the Premier League with Chelsea before later managing Tottenham","Conte","""chelsea"" in clue",""
"Chelsea","1","2026-08-17","yes","PL0001","Premier League Top Scorer → Season","Chelsea's Premier League top scorer in 2000/01","Hasselbaink","""chelsea"" in clue; ""chelsea"" in entity",""
"Chelsea","1","2026-08-17","yes","TRL0077","Transfer → Club Left","Kepa Arrizabalaga joined Chelsea from which club in 2018?","Athletic Bilbao","""chelsea"" in clue",""
"Chelsea","1","2026-08-17","yes","V30323","Player Identity / Who Am I","Brazilian defender who played for Chelsea and PSG before joining Arsenal in 2019","David Luiz","""chelsea"" in clue",""
"Chelsea","1","2026-08-17","yes","TRL0307","Transfer → Club Left","Geovany Quenda joined Chelsea from which club in 2026?","Sporting Lisbon","""chelsea"" in clue",""
"Chelsea","1","2026-08-17","yes","TRJ0510","Transfer → Club Joined","Tammy Abraham joined which club from Chelsea in 2021?","Roma","""chelsea"" in clue",""
"Chelsea","1","2026-08-17","yes","V30306","Player Identity / Who Am I","Belgian striker who played for Chelsea, Everton and Manchester United before joining Inter Milan in 2019","Lukaku","""chelsea"" in clue",""
"Grounds","1","2026-08-17","yes","050","City → Stadium","London","Craven Cottage","category ""City → Stadium""",""
"Grounds","1","2026-08-17","yes","V30072","Stadiums & Club History","Famous Anfield stand traditionally associated with Liverpool’s most vocal support","The Kop","category ""Stadiums & Club History""",""
"Grounds","1","2026-08-17","yes","V30061","Stadiums & Club History","Leicester City’s home before moving to their new stadium in 2002","Filbert Street","category ""Stadiums & Club History""",""
"Grounds","1","2026-08-17","yes","V30100","Stadiums & Club History","Rangers’ home stadium","Ibrox","category ""Stadiums & Club History""",""
"Grounds","1","2026-08-17","yes","V30066","Stadiums & Club History","Liverpool’s stadium was originally the home of this rival club","Everton","category ""Stadiums & Club History""",""
"Grounds","1","2026-08-17","yes","V30070","Stadiums & Club History","Club that moved from White Hart Lane to a new stadium on the same site","Tottenham","category ""Stadiums & Club History""",""
"Grounds","1","2026-08-17","yes","V30058","Stadiums & Club History","Southampton’s home before St Mary’s","The Dell","category ""Stadiums & Club History""",""
"Grounds","1","2026-08-17","yes","V30057","Stadiums & Club History","Derby County’s home before Pride Park","Baseball Ground","category ""Stadiums & Club History""",""
"Grounds","1","2026-08-17","yes","063","Stadium → City","Vitality Stadium","Bournemouth","category ""Stadium → City""",""
"Grounds","1","2026-08-17","yes","V30059","Stadiums & Club History","Bolton’s home ground before leaving in 1997","Burnden Park","category ""Stadiums & Club History""",""
"Grounds","1","2026-08-17","yes","SNBRENTFORD","Stadium → Nickname","Gtech Community Stadium","Bees","category ""Stadium → Nickname""",""
"Liverpool","1","2026-08-17","yes","V30004","Derbies & Rivalries","Liverpool v Everton is known as the ___ derby","Merseyside","""liverpool"" in clue",""
"Liverpool","1","2026-08-17","yes","V30268","Famous Goals & Moments","Scored Liverpool's second goal in the 2005 Champions League final comeback","Smicer","""liverpool"" in clue",""
"Liverpool","1","2026-08-17","yes","TRL0369","Transfer → Club Left","Christian Benteke joined Liverpool from which club in 2015?","Aston Villa","""liverpool"" in clue",""
"Liverpool","1","2026-08-17","yes","V30197","Managers","Scottish manager who managed both Liverpool and Newcastle in the Premier League era","Dalglish","""liverpool"" in clue",""
"Liverpool","1","2026-08-17","yes","V30324","Player Identity / Who Am I","England winger who played for Liverpool before joining Manchester City in 2015","Sterling","""liverpool"" in clue",""
"Liverpool","1","2026-08-17","yes","V30326","Player Identity / Who Am I","Brazilian goalkeeper who joined Liverpool from Roma in 2018","Alisson","""liverpool"" in clue",""
"Liverpool","1","2026-08-17","yes","FA2012","FA Cup Winner → Year","Won the FA Cup in 2012, beating Liverpool in the final","Chelsea","""liverpool"" in clue",""
"Liverpool","1","2026-08-17","yes","TRJ0008","Transfer → Club Joined","Philippe Coutinho joined which club from Liverpool in 2018?","Barcelona","""liverpool"" in clue",""
"Liverpool","1","2026-08-17","yes","V30481","Nicknames & Identities","Liverpool forward known as 'The Egyptian King'","Salah","""liverpool"" in clue",""
"Liverpool","1","2026-08-17","yes","TRJ0132","Transfer → Club Joined","Luis Díaz joined which club from Liverpool in 2025?","Bayern Munich","""liverpool"" in clue",""
"Liverpool","1","2026-08-17","yes","PLRU202425","Premier League Runner-Up → Season","Liverpool won the Premier League in 2024/25, but who finished second on 74 points?","Arsenal","""liverpool"" in clue",""
"Liverpool","2","2026-08-17","yes","TRJ0070","Transfer → Club Joined","Luis Suárez joined which club from Liverpool in 2014?","Barcelona","""liverpool"" in clue",""
"Liverpool","2","2026-08-17","yes","V30072","Stadiums & Club History","Famous Anfield stand traditionally associated with Liverpool’s most vocal support","The Kop","""liverpool"" in clue; ""anfield"" in clue; ""the kop"" in answer",""
"Liverpool","2","2026-08-17","yes","V30330","Awards & Individual Honours","Liverpool striker who won the 2001 Ballon d'Or","Owen","""liverpool"" in clue",""
"Liverpool","2","2026-08-17","yes","TRL0477","Transfer → Club Left","Cody Gakpo joined Liverpool from which club in 2023?","PSV Eindhoven","""liverpool"" in clue",""
"Liverpool","2","2026-08-17","yes","V30118","Managers","Managed Liverpool immediately before Jurgen Klopp","Rodgers","""liverpool"" in clue",""
"Liverpool","2","2026-08-17","yes","TRL0067","Transfer → Club Left","Virgil van Dijk joined Liverpool from which club in 2018?","Southampton","""liverpool"" in clue",""
"Liverpool","2","2026-08-17","yes","V30295","Player Identity / Who Am I","Spanish striker who moved from Liverpool to Chelsea in 2011","Torres","""liverpool"" in clue",""
"Liverpool","2","2026-08-17","yes","V30350","Awards & Individual Honours","Liverpool's 2013/14 Premier League Golden Boot winner","Suarez","""liverpool"" in clue",""
"Liverpool","2","2026-08-17","yes","V30207","Famous Goals & Moments","Scored Arsenal's title-winning goal at Anfield in 1989","Thomas","""anfield"" in clue",""
"Liverpool","2","2026-08-17","yes","ECRU2005","European Cup Runner-Up → Year","Liverpool may have won the Champions League in 2005, but who did they beat on penalties in the final?","AC Milan","""liverpool"" in clue",""
"Liverpool","2","2026-08-17","yes","FA1988","FA Cup Winner → Year","Won the FA Cup in 1988, beating Liverpool in the final","Wimbledon","""liverpool"" in clue",""
"Manchester City","1","2026-08-17","yes","TRL0439","Transfer → Club Left","Robinho joined Manchester City from which club in 2008?","Real Madrid","""manchester city"" in clue",""
"Manchester City","1","2026-08-17","yes","V30206","Famous Goals & Moments","Scored the famous overhead kick for Manchester United against Manchester City in 2011","Rooney","""manchester city"" in clue",""
"Manchester City","1","2026-08-17","yes","V30279","Famous Goals & Moments","Scored Manchester City's famous long-range winner against Leicester in the 2018/19 title race","Kompany","""manchester city"" in clue",""
"Manchester City","1","2026-08-17","yes","TRL0425","Transfer → Club Left","Nicolás Otamendi joined Manchester City from which club in 2015?","Valencia","""manchester city"" in clue",""
"Manchester City","1","2026-08-17","yes","PLRU201314","Premier League Runner-Up → Season","Manchester City won the Premier League in 2013/14, but who finished second on 84 points?","Liverpool","""manchester city"" in clue",""
"Manchester City","1","2026-08-17","yes","V30153","Managers","Managed Manchester City immediately before Pep Guardiola","Pellegrini","""manchester city"" in clue",""
"Manchester City","1","2026-08-17","yes","TRJ0344","Transfer → Club Joined","Leroy Sané joined which club from Manchester City in 2020?","Bayern Munich","""manchester city"" in clue",""
"Manchester City","1","2026-08-17","yes","V30116","Managers","Managed Manchester City when they won their first Premier League title","Mancini","""manchester city"" in clue",""
"Manchester City","1","2026-08-17","yes","V30307","Player Identity / Who Am I","England midfielder who played for West Ham and Chelsea before joining Manchester City in 2014","Lampard","""manchester city"" in clue",""
"Manchester City","1","2026-08-17","yes","PLUP2000011","Promoted Club → Season","Charlton Athletic and Manchester City came up from the second tier for 2000/01 — who was the third club promoted?","Ipswich Town","""manchester city"" in clue",""
"Manchester City","1","2026-08-17","yes","V30345","Awards & Individual Honours","Manchester City's 2020/21 PFA Player of the Year","De Bruyne","""manchester city"" in clue",""
"Manchester United","1","2026-08-17","yes","V30158","Managers","Managed Manchester United immediately after Louis van Gaal","Mourinho","""manchester united"" in clue",""
"Manchester United","1","2026-08-17","yes","V30288","Player Identity / Who Am I","Portuguese winger who joined Manchester United from Sporting before moving to Real Madrid in 2009","Ronaldo","""manchester united"" in clue",""
"Manchester United","1","2026-08-17","yes","V30399","Records & Milestones","Became Manchester United's record goalscorer in 2017","Rooney","""manchester united"" in clue",""
"Manchester United","1","2026-08-17","yes","TRL0377","Transfer → Club Left","Rio Ferdinand joined Manchester United from which club in 2002?","Leeds United","""manchester united"" in clue",""
"Manchester United","1","2026-08-17","yes","TRL0329","Transfer → Club Left","Manuel Ugarte joined Manchester United from which club in 2024?","Paris St Germain","""manchester united"" in clue",""
"Manchester United","1","2026-08-17","yes","V30103","Managers","Manchester United manager who won the Treble in 1999","Ferguson","""manchester united"" in clue",""
"Manchester United","1","2026-08-17","yes","V30300","Player Identity / Who Am I","Argentine midfielder who played for Benfica and Real Madrid before joining Manchester United in 2014","Di Maria","""manchester united"" in clue",""
"Manchester United","1","2026-08-17","yes","TRL0033","Transfer → Club Left","Paul Pogba joined Manchester United from which club in 2016?","Juventus","""manchester united"" in clue",""
"Manchester United","1","2026-08-17","yes","V30486","Nicknames & Identities","Manchester United winger known as 'The Welsh Wizard'","Giggs","""manchester united"" in clue",""
"Manchester United","1","2026-08-17","yes","NSMANCHESTER2","Nickname → Stadium","Red Devils","Old Trafford","""manchester united"" in entity; ""old trafford"" in answer; ""red devils"" in clue",""
"Manchester United","1","2026-08-17","yes","V30272","Famous Goals & Moments","Scored a rare headed goal in Barcelona's 2009 Champions League final win over Manchester United","Messi","""manchester united"" in clue",""
"Manchester United","2","2026-08-17","yes","TRJ0182","Transfer → Club Joined","Ángel Di María joined which club from Manchester United in 2015?","Paris St Germain","""manchester united"" in clue",""
"Manchester United","2","2026-08-17","yes","V30495","Nicknames & Identities","Manchester United captain known as 'Captain Marvel'","Robson","""manchester united"" in clue",""
"Manchester United","2","2026-08-17","yes","EC2011","European Cup Winner → Year","Won the Champions League in 2011, beating Manchester United 3-1","Barcelona","""manchester united"" in clue",""
"Manchester United","2","2026-08-17","yes","V30157","Managers","Managed Manchester United immediately after David Moyes on a permanent basis","Van Gaal","""manchester united"" in clue",""
"Manchester United","2","2026-08-17","yes","V30303","Player Identity / Who Am I","Dutch striker who played for PSV and Manchester United before joining Real Madrid in 2006","Van Nistelrooy","""manchester united"" in clue",""
"Manchester United","2","2026-08-17","yes","V30164","Managers","Managed Manchester United to the 2016/17 Europa League","Mourinho","""manchester united"" in clue",""
"Manchester United","2","2026-08-17","yes","TRL0459","Transfer → Club Left","Joshua Zirkzee joined Manchester United from which club in 2024?","Bologna","""manchester united"" in clue",""
"Manchester United","2","2026-08-17","yes","V30280","Famous Goals & Moments","Scored the memorable late winner against Aston Villa early in his Manchester United career in 2009","Macheda","""manchester united"" in clue",""
"Manchester United","2","2026-08-17","yes","V30296","Player Identity / Who Am I","French midfielder who returned to Manchester United from Juventus in 2016","Pogba","""manchester united"" in clue",""
"Manchester United","2","2026-08-17","yes","V30262","Famous Goals & Moments","Scored Manchester United's equaliser in the 1999 Champions League final before Solskjaer's winner","Sheringham","""manchester united"" in clue",""
"Manchester United","2","2026-08-17","yes","TRL0043","Transfer → Club Left","Antony joined Manchester United from which club in 2022?","Ajax","""manchester united"" in clue",""
"Nicknames","1","2026-08-17","yes","NC2011","Nickname → Club","Bluebirds","Cardiff City","category ""Nickname → Club""",""
"Nicknames","1","2026-08-17","yes","V30305","Player Identity / Who Am I","French striker who played for Arsenal before joining Chelsea in 2018","Giroud","category ""Player Identity / Who Am I""",""
"Nicknames","1","2026-08-17","yes","V30316","Player Identity / Who Am I","Belgian goalkeeper who played for Chelsea before joining Real Madrid in 2018","Courtois","category ""Player Identity / Who Am I""",""
"Nicknames","1","2026-08-17","yes","NC3BRISTO0b","Nickname → City","Pirates","Bristol","category ""Nickname → City""",""
"Nicknames","1","2026-08-17","yes","CN2025","Club → Nickname","Leeds United","Peacocks","category ""Club → Nickname""",""
"Nicknames","1","2026-08-17","yes","V30514","Nicknames & Identities","African national team known as 'Bafana Bafana'","South Africa","category ""Nicknames & Identities""",""
"Nicknames","1","2026-08-17","yes","V30300","Player Identity / Who Am I","Argentine midfielder who played for Benfica and Real Madrid before joining Manchester United in 2014","Di Maria","category ""Player Identity / Who Am I""",""
"Nicknames","1","2026-08-17","yes","V30314","Player Identity / Who Am I","Croatian striker who played for Bayern Munich and Atletico Madrid before joining Juventus in 2015","Mandzukic","category ""Player Identity / Who Am I""",""
"Nicknames","1","2026-08-17","yes","CNNEWCASTLEU","City → Nickname","Newcastle upon Tyne","Magpies","category ""City → Nickname""",""
"Nicknames","1","2026-08-17","yes","V30296","Player Identity / Who Am I","French midfielder who returned to Manchester United from Juventus in 2016","Pogba","category ""Player Identity / Who Am I""",""
"Nicknames","1","2026-08-17","yes","NCIPSWICHTOW","Nickname → City","Tractor Boys","Ipswich","category ""Nickname → City""",""
"Premier League","1","2026-08-17","yes","PLUP2011120","Promoted Club → Season","Queens Park Rangers and Swansea City came up from the Championship for 2011/12 — who was the third club promoted?","Norwich City","category ""Promoted Club → Season""",""
"Premier League","1","2026-08-17","yes","PL0506","Premier League Top Scorer → Season","Arsenal's Premier League top scorer in 2005/06","Henry","category ""Premier League Top Scorer → Season""",""
"Premier League","1","2026-08-17","yes","PLUP2020211","Promoted Club → Season","Fulham and West Bromwich Albion came up from the Championship for 2020/21 — who was the third club promoted?","Leeds United","category ""Promoted Club → Season""",""
"Premier League","1","2026-08-17","yes","PLREL1997981","Relegated Club → Season","Bolton Wanderers and Crystal Palace went down in 1997/98 — who was the third team relegated?","Barnsley","category ""Relegated Club → Season""",""
"Premier League","1","2026-08-17","yes","PLREL2007082","Relegated Club → Season","Reading and Birmingham City went down in 2007/08 — who was the third team relegated?","Derby County","category ""Relegated Club → Season""",""
"Premier League","1","2026-08-17","yes","PLUP2022230","Promoted Club → Season","Fulham and Nottingham Forest came up from the Championship for 2022/23 — who was the third club promoted?","AFC Bournemouth","category ""Promoted Club → Season""",""
"Premier League","1","2026-08-17","yes","PL2122b","Premier League Top Scorer → Season","Tottenham Hotspur's Premier League top scorer in 2021/22","Son","category ""Premier League Top Scorer → Season""",""
"Premier League","1","2026-08-17","yes","PLRU199596","Premier League Runner-Up → Season","Manchester United won the Premier League in 1995/96, but who finished second on 78 points?","Newcastle United","category ""Premier League Runner-Up → Season""",""
"Premier League","1","2026-08-17","yes","PLREL2002030","Relegated Club → Season","West Bromwich Albion and Sunderland went down in 2002/03 — who was the third team relegated?","West Ham United","category ""Relegated Club → Season""",""
"Premier League","1","2026-08-17","yes","PLUP1999002","Promoted Club → Season","Bradford City and Sunderland came up from the second tier for 1999/00 — who was the third club promoted?","Watford","category ""Promoted Club → Season""",""
"Premier League","1","2026-08-17","yes","PLRU201011","Premier League Runner-Up → Season","Manchester United won the Premier League in 2010/11, but who finished second on 71 points?","Chelsea","category ""Premier League Runner-Up → Season""",""
"Tottenham Hotspur","1","2026-08-17","yes","TRJ0034","Transfer → Club Joined","Gareth Bale joined which club from Tottenham Hotspur in 2013?","Real Madrid","""tottenham"" in clue",""
"Tottenham Hotspur","1","2026-08-17","yes","V30318","Player Identity / Who Am I","England striker who played for Tottenham and Portsmouth before joining Toronto in 2014","Defoe","""tottenham"" in clue",""
"Tottenham Hotspur","1","2026-08-17","yes","V30195","Managers","Managed both Southampton and Tottenham before joining Paris St Germain","Pochettino","""tottenham"" in clue",""
"Tottenham Hotspur","1","2026-08-17","yes","TRL0241","Transfer → Club Left","Richarlison joined Tottenham Hotspur from which club in 2022?","Everton","""tottenham"" in clue",""
"Tottenham Hotspur","1","2026-08-17","yes","V30293","Player Identity / Who Am I","England defender who controversially moved directly from Tottenham to Arsenal in 2001","Campbell","""tottenham"" in clue",""
"Tottenham Hotspur","1","2026-08-17","yes","FA1987","FA Cup Winner → Year","Won the FA Cup in 1987, beating Tottenham Hotspur in the final","Coventry City","""tottenham"" in clue",""
"Tottenham Hotspur","1","2026-08-17","yes","TRL0191","Transfer → Club Left","Tanguy Ndombélé joined Tottenham Hotspur from which club in 2019?","Lyon","""tottenham"" in clue",""
"Tottenham Hotspur","1","2026-08-17","yes","V30352","Awards & Individual Honours","Tottenham striker who retained the Golden Boot in 2016/17","Kane","""tottenham"" in clue",""
"Tottenham Hotspur","1","2026-08-17","yes","V30215","Famous Goals & Moments","Scored Tottenham's dramatic hat-trick against Ajax in the 2019 Champions League semi-final","Moura","""tottenham"" in clue",""
"Tottenham Hotspur","1","2026-08-17","yes","NCTOTTENHAMH","Nickname → City","Spurs","London","""tottenham"" in entity; ""spurs"" in clue",""
"Tottenham Hotspur","1","2026-08-17","yes","V30198","Managers","Italian manager who won the Premier League with Chelsea before later managing Tottenham","Conte","""tottenham"" in clue",""
"Newcastle United","1","2026-08-21","","PLREL2015161","Relegated Club → Season","Newcastle United and Aston Villa went down in 2015/16 — who was the third team relegated?","Norwich City","""newcastle"" in clue",""
"Newcastle United","1","2026-08-21","","TRL0233","Transfer → Club Left","Sandro Tonali joined Newcastle United from which club in 2023?","AC Milan","""newcastle"" in clue",""
"Newcastle United","1","2026-08-21","","V30302","Player Identity / Who Am I","England striker who played for Liverpool and Real Madrid before joining Newcastle United in 2005","Owen","""newcastle"" in clue",""
"Newcastle United","1","2026-08-21","","PLUP2010110","Promoted Club → Season","Newcastle United and West Bromwich Albion came up from the Championship for 2010/11 — who was the third club promoted?","Blackpool","""newcastle"" in clue",""
"Newcastle United","1","2026-08-21","","TRL0091","Transfer → Club Left","Alexander Isak joined Newcastle United from which club in 2022?","Real Sociedad","""newcastle"" in clue",""
"Newcastle United","1","2026-08-21","","PL9697","Premier League Top Scorer → Season","Newcastle United's Premier League top scorer in 1996/97","Shearer","""newcastle"" in clue; ""newcastle"" in entity",""
"Newcastle United","1","2026-08-21","","FA1998","FA Cup Winner → Year","Won the FA Cup in 1998, beating Newcastle United in the final","Arsenal","""newcastle"" in clue",""
"Newcastle United","1","2026-08-21","","PLREL2008091","Relegated Club → Season","Newcastle United and West Bromwich Albion went down in 2008/09 — who was the third team relegated?","Middlesbrough","""newcastle"" in clue",""
"Newcastle United","1","2026-08-21","","V30197","Managers","Scottish manager who managed both Liverpool and Newcastle in the Premier League era","Dalglish","""newcastle"" in clue",""
"Newcastle United","1","2026-08-21","","V30191","Managers","Managed Newcastle to their 2025 League Cup triumph","Howe","""newcastle"" in clue",""
"Newcastle United","1","2026-08-21","","TRL0435","Transfer → Club Left","Joelinton joined Newcastle United from which club in 2019?","Hoffenheim","""newcastle"" in clue",""
"Aston Villa","1","2026-08-28","","142","Club → City","Aston Villa","Birmingham","""aston villa"" in clue; ""aston villa"" in entity",""
"Aston Villa","1","2026-08-28","","V30146","Managers","Managed Aston Villa to the 1982 European Cup","Barton","""aston villa"" in clue",""
"Aston Villa","1","2026-08-28","","V30200","Managers","Managed Arsenal, Paris St Germain and Aston Villa","Emery","""aston villa"" in clue",""
"Aston Villa","1","2026-08-28","","TRL0229","Transfer → Club Left","Amadou Onana joined Aston Villa from which club in 2024?","Everton","""aston villa"" in clue",""
"Aston Villa","1","2026-08-28","","TRJ0302","Transfer → Club Joined","Douglas Luiz joined which club from Aston Villa in 2024?","Juventus","""aston villa"" in clue",""
"Aston Villa","1","2026-08-28","","FA2000","FA Cup Winner → Year","Won the FA Cup in 2000, beating Aston Villa in the final","Chelsea","""aston villa"" in clue",""
"Aston Villa","1","2026-08-28","","V30280","Famous Goals & Moments","Scored the memorable late winner against Aston Villa early in his Manchester United career in 2009","Macheda","""aston villa"" in clue",""
"Aston Villa","1","2026-08-28","","V30073","Stadiums & Club History","Famous Villa Park stand traditionally home to Aston Villa’s most vocal support","Holte End","""aston villa"" in clue; ""villa park"" in clue; ""holte end"" in answer",""
"Aston Villa","1","2026-08-28","","TRJ0368","Transfer → Club Joined","Christian Benteke joined which club from Aston Villa in 2015?","Liverpool","""aston villa"" in clue",""
"Aston Villa","1","2026-08-28","","PLUP2019202","Promoted Club → Season","Aston Villa and Norwich City came up from the Championship for 2019/20 — who was the third club promoted?","Sheffield United","""aston villa"" in clue",""
"Aston Villa","1","2026-08-28","","PLREL2015160","Relegated Club → Season","Norwich City and Aston Villa went down in 2015/16 — who was the third team relegated?","Newcastle United","""aston villa"" in clue",""
"West Ham United","1","2026-09-04","","PLUP2005062","Promoted Club → Season","Sunderland and West Ham United came up from the Championship for 2005/06 — who was the third club promoted?","Wigan Athletic","""west ham"" in clue",""
"West Ham United","1","2026-09-04","","V30275","Famous Goals & Moments","Scored the dramatic late equaliser against West Ham in the 2006 FA Cup final","Gerrard","""west ham"" in clue",""
"West Ham United","1","2026-09-04","","V30309","Player Identity / Who Am I","England defender who played for West Ham and Leeds before joining Manchester United in 2002","Ferdinand","""west ham"" in clue",""
"West Ham United","1","2026-09-04","","TRL0569","Transfer → Club Left","Jean-Clair Todibo joined West Ham United from which club in 2025?","Nice","""west ham"" in clue",""
"West Ham United","1","2026-09-04","","PLUP2012130","Promoted Club → Season","Southampton and West Ham United came up from the Championship for 2012/13 — who was the third club promoted?","Reading","""west ham"" in clue",""
"West Ham United","1","2026-09-04","","FA2006","FA Cup Winner → Year","Won the FA Cup in 2006, beating West Ham United in the final","Liverpool","""west ham"" in clue",""
"West Ham United","1","2026-09-04","","V30053","Stadiums & Club History","West Ham’s home before moving to the London Stadium","Upton Park","""west ham"" in clue; ""upton park"" in answer",""
"West Ham United","1","2026-09-04","","PLREL2010111","Relegated Club → Season","Birmingham City and West Ham United went down in 2010/11 — who was the third team relegated?","Blackpool","""west ham"" in clue",""
"West Ham United","1","2026-09-04","","TRL0449","Transfer → Club Left","Lucas Paquetá joined West Ham United from which club in 2022?","Lyon","""west ham"" in clue",""
"West Ham United","1","2026-09-04","","TRL0445","Transfer → Club Left","Mohammed Kudus joined West Ham United from which club in 2023?","Ajax","""west ham"" in clue",""
"West Ham United","1","2026-09-04","","V30307","Player Identity / Who Am I","England midfielder who played for West Ham and Chelsea before joining Manchester City in 2014","Lampard","""west ham"" in clue",""
"Leicester City","1","2026-09-11","","PLREL2024251","Relegated Club → Season","Leicester City and Southampton went down in 2024/25 — who was the third team relegated?","Ipswich Town","""leicester"" in clue",""
"Leicester City","1","2026-09-11","","TRL0389","Transfer → Club Left","Youri Tielemans joined Leicester City from which club in 2019?","Monaco","""leicester"" in clue",""
"Leicester City","1","2026-09-11","","PLUP1996972","Promoted Club → Season","Derby County and Leicester City came up from the second tier for 1996/97 — who was the third club promoted?","Sunderland","""leicester"" in clue",""
"Leicester City","1","2026-09-11","","TRJ0310","Transfer → Club Joined","Ben Chilwell joined which club from Leicester City in 2020?","Chelsea","""leicester"" in clue",""
"Leicester City","1","2026-09-11","","V30340","Awards & Individual Honours","Leicester's 2015/16 PFA Player of the Year","Mahrez","""leicester"" in clue",""
"Leicester City","1","2026-09-11","","V30279","Famous Goals & Moments","Scored Manchester City's famous long-range winner against Leicester in the 2018/19 title race","Kompany","""leicester"" in clue",""
"Leicester City","1","2026-09-11","","PLUP2014150","Promoted Club → Season","Leicester City and Queens Park Rangers came up from the Championship for 2014/15 — who was the third club promoted?","Burnley","""leicester"" in clue",""
"Leicester City","1","2026-09-11","","V30101","Managers","Managed Leicester City to the 2015/16 Premier League title","Ranieri","""leicester"" in clue",""
"Leicester City","1","2026-09-11","","PLRU201516","Premier League Runner-Up → Season","Leicester City won the Premier League in 2015/16, but who finished second on 71 points?","Arsenal","""leicester"" in clue",""
"Leicester City","1","2026-09-11","","PL1920","Premier League Top Scorer → Season","Leicester City's Premier League top scorer in 2019/20","Vardy","""leicester"" in clue; ""leicester"" in entity",""
"Leicester City","1","2026-09-11","","PLREL2003041","Relegated Club → Season","Leicester City and Wolverhampton Wanderers went down in 2003/04 — who was the third team relegated?","Leeds United","""leicester"" in clue",""
"Derbies","1","2026-09-18","","V30015","Derbies & Rivalries","Birmingham City’s Second City derby rivals","Aston Villa","category ""Derbies & Rivalries""",""
"Derbies","1","2026-09-18","","V30039","Derbies & Rivalries","Roma’s Derby della Capitale rivals","Lazio","category ""Derbies & Rivalries""",""
"Derbies","1","2026-09-18","","V30006","Derbies & Rivalries","Arsenal v Tottenham is the ___ London derby","North","category ""Derbies & Rivalries""",""
"Derbies","1","2026-09-18","","V30023","Derbies & Rivalries","Portsmouth’s South Coast rivals","Southampton","category ""Derbies & Rivalries""",""
"Derbies","1","2026-09-18","","V30043","Derbies & Rivalries","Sevilla’s Seville derby rivals","Real Betis","category ""Derbies & Rivalries""",""
"Derbies","1","2026-09-18","","V30049","Derbies & Rivalries","River Plate’s Superclásico rivals","Boca Juniors","category ""Derbies & Rivalries""",""
"Derbies","1","2026-09-18","","V30001","Derbies & Rivalries","City associated with the Old Firm rivalry","Glasgow","category ""Derbies & Rivalries""",""
"Derbies","1","2026-09-18","","V30038","Derbies & Rivalries","City where the Derby della Madonnina is played","Milan","category ""Derbies & Rivalries""",""
"Derbies","1","2026-09-18","","V30002","Derbies & Rivalries","Celtic’s Old Firm rivals","Rangers","category ""Derbies & Rivalries""",""
"Derbies","1","2026-09-18","","V30013","Derbies & Rivalries","Newcastle v Sunderland is the ___ derby","Tyne Wear","category ""Derbies & Rivalries""",""
"Derbies","1","2026-09-18","","V30046","Derbies & Rivalries","Borussia Dortmund’s Revierderby rivals","Schalke","category ""Derbies & Rivalries""",""
"Managers","1","2026-09-25","","V30121","Managers","Managed England to the Euro 2020 final","Southgate","category ""Managers""",""
"Managers","1","2026-09-25","","V30115","Managers","Managed Chelsea when they won the 2021 Champions League","Tuchel","category ""Managers""",""
"Managers","1","2026-09-25","","V30125","Managers","Managed Spain to the 2010 World Cup","Del Bosque","category ""Managers""",""
"Managers","1","2026-09-25","","V30167","Managers","Managed Chelsea to the 2013 Europa League","Benitez","category ""Managers""",""
"Managers","1","2026-09-25","","V30134","Managers","Managed Spain to Euro 2008 glory","Aragones","category ""Managers""",""
"Managers","1","2026-09-25","","V30138","Managers","Carlo Ancelotti won the 2007 Champions League with this club","Ac Milan","category ""Managers""",""
"Managers","1","2026-09-25","","V30180","Managers","Managed Monaco to the 2004 Champions League final","Deschamps","category ""Managers""",""
"Managers","1","2026-09-25","","V30120","Managers","Managed Newcastle United during the 1995/96 title challenge","Keegan","category ""Managers""",""
"Managers","1","2026-09-25","","V30177","Managers","Managed Atletico Madrid to the 2014 and 2016 Champions League finals","Simeone","category ""Managers""",""
"Managers","1","2026-09-25","","V30178","Managers","Managed Juventus to the 2015 and 2017 Champions League finals","Allegri","category ""Managers""",""
"Managers","1","2026-09-25","","V30149","Managers","Managed Barcelona’s 2009 treble-winning side","Guardiola","category ""Managers""",""
"European nights","1","2026-10-02","","EC2016","European Cup Winner → Year","Won the Champions League in 2016, beating their city rivals on penalties","Real Madrid","category ""European Cup Winner → Year""",""
"European nights","1","2026-10-02","","EC1967","European Cup Winner → Year","Won the European Cup in 1967, beating Inter Milan 2-1","Celtic","category ""European Cup Winner → Year""",""
"European nights","1","2026-10-02","","EC1973","European Cup Winner → Year","Won the European Cup in 1973, beating Juventus 1-0","Ajax","category ""European Cup Winner → Year""",""
"European nights","1","2026-10-02","","ECRU2026","European Cup Runner-Up → Year","Paris St Germain may have won the Champions League in 2026, but who did they beat on penalties in the final?","Arsenal","category ""European Cup Runner-Up → Year""",""
"European nights","1","2026-10-02","","CORU2026","Conference League Runner-Up → Year","Crystal Palace may have won the Conference League in 2026, but who did they beat in the final?","Rayo Vallecano","category ""Conference League Runner-Up → Year""",""
"European nights","1","2026-10-02","","UC2004","Europa League Winner → Year","Won the UEFA Cup in 2004, beating Marseille in the final","Valencia","category ""Europa League Winner → Year""",""
"European nights","1","2026-10-02","","UC2024","Europa League Winner → Year","Won the Europa League in 2024, beating Bayer Leverkusen in the final","Atalanta","category ""Europa League Winner → Year""",""
"European nights","1","2026-10-02","","UC1995","Europa League Winner → Year","Won the UEFA Cup in 1995, beating Juventus in the final","Parma","category ""Europa League Winner → Year""",""
"European nights","1","2026-10-02","","EC1990","European Cup Winner → Year","Won the European Cup in 1990, beating Benfica 1-0","AC Milan","category ""European Cup Winner → Year""",""
"European nights","1","2026-10-02","","UC1989","Europa League Winner → Year","Won the UEFA Cup in 1989, beating Stuttgart in the final","Napoli","category ""Europa League Winner → Year""",""
"European nights","1","2026-10-02","","ECRU2004","European Cup Runner-Up → Year","Porto may have won the Champions League in 2004, but who did they beat 3-0 in the final?","Monaco","category ""European Cup Runner-Up → Year""",""
"International","1","2026-10-09","","V30441","International Tournaments","City that hosted the 2014 World Cup final","Rio De Janeiro","category ""International Tournaments""",""
"International","1","2026-10-09","","WCRU1958","World Cup Runner-Up → Year","Brazil may have won the World Cup in 1958, but who did they beat 5-2 in the final?","Sweden","category ""World Cup Runner-Up → Year""",""
"International","1","2026-10-09","","CA1939W","Copa America Winner → Year","Won the Copa America in 1939, with Uruguay runners-up","Peru","category ""Copa America Winner → Year""",""
"International","1","2026-10-09","","CAPNIRGILL2008","International Caps → Player","Won 86 caps for Northern Ireland, last appearing in 2008","Gillespie","category ""International Caps → Player""",""
"International","1","2026-10-09","","V30469","International Tournaments","Nation that surprisingly won Euro 2004","Greece","category ""International Tournaments""",""
"International","1","2026-10-09","","V30477","International Tournaments","European international competition introduced in 2018","Nations League","category ""International Tournaments""",""
"International","1","2026-10-09","","V30461","International Tournaments","Nation that shocked France in the opening game of the 2002 World Cup","Senegal","category ""International Tournaments""",""
"International","1","2026-10-09","","V30457","International Tournaments","England's opponents in the Euro 2024 semi-final","Netherlands","category ""International Tournaments""",""
"International","1","2026-10-09","","V30432","International Tournaments","Hosted the 2010 World Cup","South Africa","category ""International Tournaments""",""
"International","1","2026-10-09","","NAT012","Player → Country","Chris Wood represented which country?","New Zealand","category ""Player → Country""",""
"International","1","2026-10-09","","V30443","International Tournaments","City that hosted the 2022 World Cup final","Lusail","category ""International Tournaments""",""
"Moments & records","1","2026-10-16","","V30233","Famous Goals & Moments","Scored the long-range free-kick that helped eliminate England from the 2002 World Cup","Ronaldinho","category ""Famous Goals & Moments""",""
"Moments & records","1","2026-10-16","","V30420","Records & Milestones","First country to win the men's World Cup outside its own continent","Brazil","category ""Records & Milestones""",""
"Moments & records","1","2026-10-16","","V30332","Awards & Individual Honours","AC Milan's 2007 Ballon d'Or winner","Kaka","category ""Awards & Individual Honours""",""
"Moments & records","1","2026-10-16","","V30249","Famous Goals & Moments","Scored the famous 'Goal of the Century' against England in 1986","Maradona","category ""Famous Goals & Moments""",""
"Moments & records","1","2026-10-16","","V30261","Famous Goals & Moments","Scored the famous volley against the Soviet Union in the Euro 1988 final","Van Basten","category ""Famous Goals & Moments""",""
"Moments & records","1","2026-10-16","","V30393","Records & Milestones","Became the Premier League's oldest goalscorer in 2006","Sheringham","category ""Records & Milestones""",""
"Moments & records","1","2026-10-16","","V30224","Famous Goals & Moments","Player sent off for headbutting Marco Materazzi in the 2006 World Cup final","Zidane","category ""Famous Goals & Moments""",""
"Moments & records","1","2026-10-16","","V30371","Awards & Individual Honours","Czech striker who won the Euro 2004 Golden Boot","Baros","category ""Awards & Individual Honours""",""
"Moments & records","1","2026-10-16","","V30212","Famous Goals & Moments","Scored the winning penalty in the 2006 World Cup final shootout","Grosso","category ""Famous Goals & Moments""",""
"Moments & records","1","2026-10-16","","V30269","Famous Goals & Moments","Scored Liverpool's equaliser from the rebound of his saved penalty in the 2005 Champions League final","Alonso","category ""Famous Goals & Moments""",""
"Moments & records","1","2026-10-16","","V30207","Famous Goals & Moments","Scored Arsenal's title-winning goal at Anfield in 1989","Thomas","category ""Famous Goals & Moments""",""
"FA Cup","1","2026-10-23","","FA2021","FA Cup Winner → Year","Won the FA Cup in 2021, beating Chelsea in the final","Leicester City","category ""FA Cup Winner → Year""",""
"FA Cup","1","2026-10-23","","FA2014","FA Cup Winner → Year","Won the FA Cup in 2014, beating Hull City in the final","Arsenal","category ""FA Cup Winner → Year""",""
"FA Cup","1","2026-10-23","","FA1966","FA Cup Winner → Year","Won the FA Cup in 1966, beating Sheffield Wednesday in the final","Everton","category ""FA Cup Winner → Year""",""
"FA Cup","1","2026-10-23","","FA1953","FA Cup Winner → Year","Won the FA Cup in 1953, beating Bolton Wanderers in the final","Blackpool","category ""FA Cup Winner → Year""",""
"FA Cup","1","2026-10-23","","FA1988","FA Cup Winner → Year","Won the FA Cup in 1988, beating Liverpool in the final","Wimbledon","category ""FA Cup Winner → Year""",""
"FA Cup","1","2026-10-23","","FA1976","FA Cup Winner → Year","Won the FA Cup in 1976, beating Manchester United in the final","Southampton","category ""FA Cup Winner → Year""",""
"FA Cup","1","2026-10-23","","FA1946","FA Cup Winner → Year","Won the FA Cup in 1946, beating Charlton Athletic in the final","Derby County","category ""FA Cup Winner → Year""",""
"FA Cup","1","2026-10-23","","FA1973","FA Cup Winner → Year","Won the FA Cup in 1973, beating Leeds United in the final","Sunderland","category ""FA Cup Winner → Year""",""
"FA Cup","1","2026-10-23","","FA1957","FA Cup Winner → Year","Won the FA Cup in 1957, beating Manchester United in the final","Aston Villa","category ""FA Cup Winner → Year""",""
"FA Cup","1","2026-10-23","","FA1964","FA Cup Winner → Year","Won the FA Cup in 1964, beating Preston North End in the final","West Ham United","category ""FA Cup Winner → Year""",""
"FA Cup","1","2026-10-23","","FA2013","FA Cup Winner → Year","Won the FA Cup in 2013, beating Manchester City in the final","Wigan Athletic","category ""FA Cup Winner → Year""",""
"Chelsea","2","2026-10-30","","TRL0031","Transfer → Club Left","Romelu Lukaku joined Chelsea from which club in 2021?","Inter Milan","""chelsea"" in clue",""
"Chelsea","2","2026-10-30","","V30328","Player Identity / Who Am I","German forward who played for Stuttgart and RB Leipzig before joining Chelsea in 2020","Werner","""chelsea"" in clue",""
"Chelsea","2","2026-10-30","","V30298","Player Identity / Who Am I","Dutch winger who played for Chelsea and Real Madrid before joining Bayern Munich in 2009","Robben","""chelsea"" in clue",""
"Chelsea","2","2026-10-30","","V30167","Managers","Managed Chelsea to the 2013 Europa League","Benitez","""chelsea"" in clue",""
"Chelsea","2","2026-10-30","","TRJ0340","Transfer → Club Joined","David Luiz joined which club from Chelsea in 2014?","Paris St Germain","""chelsea"" in clue",""
"Chelsea","2","2026-10-30","","NSCHELSEA","Nickname → Stadium","Blues","Stamford Bridge","""chelsea"" in entity; ""stamford bridge"" in answer",""
"Chelsea","2","2026-10-30","","V30161","Managers","Managed Chelsea to the 2009/10 Premier League and FA Cup double","Ancelotti","""chelsea"" in clue",""
"Chelsea","2","2026-10-30","","TRL0311","Transfer → Club Left","Ben Chilwell joined Chelsea from which club in 2020?","Leicester City","""chelsea"" in clue",""
"Chelsea","2","2026-10-30","","V30223","Famous Goals & Moments","Chelsea captain who slipped while taking a penalty in the 2008 Champions League final","Terry","""chelsea"" in clue",""
"Chelsea","2","2026-10-30","","V30401","Records & Milestones","Broke Chelsea's all-time goalscoring record in 2013","Lampard","""chelsea"" in clue",""
"Chelsea","2","2026-10-30","","V30205","Famous Goals & Moments","Scored the winning penalty for Chelsea in the 2012 Champions League final","Drogba","""chelsea"" in clue",""
"Grounds","2","2026-11-06","","V30080","Stadiums & Club History","Nottingham Forest’s home beside the River Trent","City Ground","category ""Stadiums & Club History""",""
"Grounds","2","2026-11-06","","080","Stadium → City","Tottenham Hotspur Stadium","London","category ""Stadium → City""",""
"Grounds","2","2026-11-06","","114","Club → Stadium","Liverpool","Anfield","category ""Club → Stadium""",""
"Grounds","2","2026-11-06","","V30097","Stadiums & Club History","Ajax’s home stadium is named after this Dutch football legend","Johan Cruyff","category ""Stadiums & Club History""",""
"Grounds","2","2026-11-06","","V30060","Stadiums & Club History","Coventry City’s historic home before leaving in 2005","Highfield Road","category ""Stadiums & Club History""",""
"Grounds","2","2026-11-06","","V30052","Stadiums & Club History","Manchester City’s final home ground before moving to the City of Manchester Stadium in 2003","Maine Road","category ""Stadiums & Club History""",""
"Grounds","2","2026-11-06","","V30093","Stadiums & Club History","AC Milan and Inter share this famous stadium","San Siro","category ""Stadiums & Club History""",""
"Grounds","2","2026-11-06","","V30081","Stadiums & Club History","Sheffield Wednesday’s historic home","Hillsborough","category ""Stadiums & Club History""",""
"Grounds","2","2026-11-06","","V30096","Stadiums & Club History","Marseille’s famous home stadium","Velodrome","category ""Stadiums & Club History""",""
"Grounds","2","2026-11-06","","V30051","Stadiums & Club History","Arsenal’s home before moving to the Emirates Stadium","Highbury","category ""Stadiums & Club History""",""
"Grounds","2","2026-11-06","","V30098","Stadiums & Club History","Benfica’s stadium is commonly known as the Stadium of ___","Light","category ""Stadiums & Club History""",""
"Manchester City","2","2026-11-13","","V30162","Managers","Managed Manchester City to the 2013/14 Premier League title","Pellegrini","""manchester city"" in clue",""
"Manchester City","2","2026-11-13","","V30201","Famous Goals & Moments","Scored Manchester City's title-winning goal against QPR in 2012","Aguero","""manchester city"" in clue",""
"Manchester City","2","2026-11-13","","TRL0163","Transfer → Club Left","João Cancelo joined Manchester City from which club in 2019?","Juventus","""manchester city"" in clue",""
"Manchester City","2","2026-11-13","","ECRU2023","European Cup Runner-Up → Year","Manchester City may have won the Champions League in 2023, but who did they beat 1-0 in the final?","Inter Milan","""manchester city"" in clue",""
"Manchester City","2","2026-11-13","","TRL0381","Transfer → Club Left","Nathan Aké joined Manchester City from which club in 2020?","AFC Bournemouth","""manchester city"" in clue",""
"Manchester City","2","2026-11-13","","V30324","Player Identity / Who Am I","England winger who played for Liverpool before joining Manchester City in 2015","Sterling","""manchester city"" in clue",""
"Manchester City","2","2026-11-13","","V30105","Managers","Managed Manchester City to the Treble in 2023","Guardiola","""manchester city"" in clue",""
"Manchester City","2","2026-11-13","","V30052","Stadiums & Club History","Manchester City’s final home ground before moving to the City of Manchester Stadium in 2003","Maine Road","""manchester city"" in clue; ""maine road"" in answer",""
"Manchester City","2","2026-11-13","","FA2025","FA Cup Winner → Year","Won the FA Cup in 2025, beating Manchester City in the final","Crystal Palace","""manchester city"" in clue",""
"Manchester City","2","2026-11-13","","V30292","Player Identity / Who Am I","Argentine striker who played for Manchester United before joining Manchester City in 2009","Tevez","""manchester city"" in clue",""
"Manchester City","2","2026-11-13","","TRL0223","Transfer → Club Left","Jérémy Doku joined Manchester City from which club in 2023?","Rennes","""manchester city"" in clue",""
"Nicknames","2","2026-11-20","","NC3BLACKP1","Nickname → City","Tangerines","Blackpool","category ""Nickname → City""",""
"Nicknames","2","2026-11-20","","V30298","Player Identity / Who Am I","Dutch winger who played for Chelsea and Real Madrid before joining Bayern Munich in 2009","Robben","category ""Player Identity / Who Am I""",""
"Nicknames","2","2026-11-20","","CN3MIDDLE0","City → Nickname","Middlesbrough","Boro","category ""City → Nickname""",""
"Nicknames","2","2026-11-20","","V30303","Player Identity / Who Am I","Dutch striker who played for PSV and Manchester United before joining Real Madrid in 2006","Van Nistelrooy","category ""Player Identity / Who Am I""",""
"Nicknames","2","2026-11-20","","CNASTONVILLA","City → Nickname","Birmingham","Villans","category ""City → Nickname""",""
"Nicknames","2","2026-11-20","","V30309","Player Identity / Who Am I","England defender who played for West Ham and Leeds before joining Manchester United in 2002","Ferdinand","category ""Player Identity / Who Am I""",""
"Nicknames","2","2026-11-20","","CN3PLYMOU0","City → Nickname","Plymouth","Pilgrims","category ""City → Nickname""",""
"Nicknames","2","2026-11-20","","V30325","Player Identity / Who Am I","Senegal forward who played for Southampton and Liverpool before joining Bayern Munich in 2022","Mane","category ""Player Identity / Who Am I""",""
"Nicknames","2","2026-11-20","","V30496","Nicknames & Identities","Southampton legend nicknamed 'Le God'","Le Tissier","category ""Nicknames & Identities""",""
"Nicknames","2","2026-11-20","","V30329","Player Identity / Who Am I","Spanish midfielder who played for Barcelona and Bayern Munich before joining Liverpool in 2020","Thiago","category ""Player Identity / Who Am I""",""
"Nicknames","2","2026-11-20","","CN2024","Club → Nickname","Queens Park Rangers","Hoops","category ""Club → Nickname""",""
"Tottenham Hotspur","2","2026-11-27","","V30194","Managers","Managed Chelsea before becoming Tottenham manager in 2012","Villas Boas","""tottenham"" in clue",""
"Tottenham Hotspur","2","2026-11-27","","V30006","Derbies & Rivalries","Arsenal v Tottenham is the ___ London derby","North","""tottenham"" in clue",""
"Tottenham Hotspur","2","2026-11-27","","V30348","Awards & Individual Honours","Tottenham's 2012/13 PFA Player of the Year","Bale","""tottenham"" in clue",""
"Tottenham Hotspur","2","2026-11-27","","PL9293","Premier League Top Scorer → Season","Tottenham Hotspur's Premier League top scorer in 1992/93","Sheringham","""tottenham"" in clue; ""tottenham"" in entity",""
"Tottenham Hotspur","2","2026-11-27","","V30054","Stadiums & Club History","Tottenham’s home before moving to their new stadium in 2019","White Hart Lane","""tottenham"" in clue; ""white hart lane"" in answer",""
"Tottenham Hotspur","2","2026-11-27","","TRL0471","Transfer → Club Left","Davinson Sánchez joined Tottenham Hotspur from which club in 2017?","Ajax","""tottenham"" in clue",""
"Tottenham Hotspur","2","2026-11-27","","V30354","Awards & Individual Honours","Tottenham's 2020/21 Golden Boot winner","Kane","""tottenham"" in clue",""
"Tottenham Hotspur","2","2026-11-27","","UC1974","Europa League Winner → Year","Won the UEFA Cup in 1974, beating Tottenham Hotspur in the final","Feyenoord","""tottenham"" in clue",""
"Tottenham Hotspur","2","2026-11-27","","V30290","Player Identity / Who Am I","Croatian midfielder who joined Real Madrid from Tottenham in 2012 and later won the Ballon d'Or","Modric","""tottenham"" in clue",""
"Tottenham Hotspur","2","2026-11-27","","V30156","Managers","Managed Tottenham immediately before Mauricio Pochettino","Sherwood","""tottenham"" in clue",""
"Tottenham Hotspur","2","2026-11-27","","TRL0567","Transfer → Club Left","Micky van de Ven joined Tottenham Hotspur from which club in 2023?","Wolfsburg","""tottenham"" in clue",""
"Derbies","2","2026-12-04","","V30024","Derbies & Rivalries","Brighton’s main rivalry is with this London club","Crystal Palace","category ""Derbies & Rivalries""",""
"Derbies","2","2026-12-04","","V30003","Derbies & Rivalries","Rangers’ Old Firm rivals","Celtic","category ""Derbies & Rivalries""",""
"Derbies","2","2026-12-04","","V30033","Derbies & Rivalries","Swansea City’s South Wales derby rivals","Cardiff City","category ""Derbies & Rivalries""",""
"Derbies","2","2026-12-04","","V30016","Derbies & Rivalries","Birmingham v Aston Villa is the ___ City derby","Second","category ""Derbies & Rivalries""",""
"Derbies","2","2026-12-04","","V30031","Derbies & Rivalries","Blackburn v Burnley is the East ___ derby","Lancashire","category ""Derbies & Rivalries""",""
"Derbies","2","2026-12-04","","V30019","Derbies & Rivalries","City associated with the Steel City derby","Sheffield","category ""Derbies & Rivalries""",""
"Derbies","2","2026-12-04","","V30045","Derbies & Rivalries","Dortmund v Schalke is known as the ___","Revierderby","category ""Derbies & Rivalries""",""
"Derbies","2","2026-12-04","","V30005","Derbies & Rivalries","City where the Merseyside derby is played","Liverpool","category ""Derbies & Rivalries""",""
"Derbies","2","2026-12-04","","V30048","Derbies & Rivalries","Boca Juniors’ Superclásico rivals","River Plate","category ""Derbies & Rivalries""",""
"Derbies","2","2026-12-04","","V30044","Derbies & Rivalries","Real Betis’ Seville derby rivals","Sevilla","category ""Derbies & Rivalries""",""
"Derbies","2","2026-12-04","","V30040","Derbies & Rivalries","Lazio’s Derby della Capitale rivals","Roma","category ""Derbies & Rivalries""",""
"Premier League","2","2026-12-11","","PLUP2008090","Promoted Club → Season","Stoke City and West Bromwich Albion came up from the Championship for 2008/09 — who was the third club promoted?","Hull City","category ""Promoted Club → Season""",""
"Premier League","2","2026-12-11","","PL0809","Premier League Top Scorer → Season","Chelsea's Premier League top scorer in 2008/09","Anelka","category ""Premier League Top Scorer → Season""",""
"Premier League","2","2026-12-11","","PLUP2020210","Promoted Club → Season","Leeds United and West Bromwich Albion came up from the Championship for 2020/21 — who was the third club promoted?","Fulham","category ""Promoted Club → Season""",""
"Premier League","2","2026-12-11","","PLUP2023240","Promoted Club → Season","Luton Town and Sheffield United came up from the Championship for 2023/24 — who was the third club promoted?","Burnley","category ""Promoted Club → Season""",""
"Premier League","2","2026-12-11","","PLUP2011122","Promoted Club → Season","Norwich City and Queens Park Rangers came up from the Championship for 2011/12 — who was the third club promoted?","Swansea City","category ""Promoted Club → Season""",""
"Premier League","2","2026-12-11","","PLREL2015162","Relegated Club → Season","Newcastle United and Norwich City went down in 2015/16 — who was the third team relegated?","Aston Villa","category ""Relegated Club → Season""",""
"Premier League","2","2026-12-11","","PL9697","Premier League Top Scorer → Season","Newcastle United's Premier League top scorer in 1996/97","Shearer","category ""Premier League Top Scorer → Season""",""
"Premier League","2","2026-12-11","","PLUP1997980","Promoted Club → Season","Bolton Wanderers and Crystal Palace came up from the second tier for 1997/98 — who was the third club promoted?","Barnsley","category ""Promoted Club → Season""",""
"Premier League","2","2026-12-11","","PL9899a","Premier League Top Scorer → Season","Leeds United's Premier League top scorer in 1998/99","Hasselbaink","category ""Premier League Top Scorer → Season""",""
"Premier League","2","2026-12-11","","PL9798a","Premier League Top Scorer → Season","Coventry City's Premier League top scorer in 1997/98","Dublin","category ""Premier League Top Scorer → Season""",""
"Premier League","2","2026-12-11","","PL2223","Premier League Top Scorer → Season","Manchester City's Premier League top scorer in 2022/23","Haaland","category ""Premier League Top Scorer → Season""",""
"Managers","2","2026-12-18","","V30135","Managers","Managed France to the 2018 World Cup","Deschamps","category ""Managers""",""
"Managers","2","2026-12-18","","V30124","Managers","Managed England to the 1966 World Cup","Ramsey","category ""Managers""",""
"Managers","2","2026-12-18","","V30132","Managers","Managed Portugal to their Euro 2016 title","Santos","category ""Managers""",""
"Managers","2","2026-12-18","","V30108","Managers","Managed Nottingham Forest to two European Cups","Clough","category ""Managers""",""
"Managers","2","2026-12-18","","V30159","Managers","Managed Chelsea immediately after Frank Lampard’s first spell","Tuchel","category ""Managers""",""
"Managers","2","2026-12-18","","V30139","Managers","Jurgen Klopp won the Champions League with this club in 2019","Liverpool","category ""Managers""",""
"Managers","2","2026-12-18","","V30105","Managers","Managed Manchester City to the Treble in 2023","Guardiola","category ""Managers""",""
"Managers","2","2026-12-18","","V30151","Managers","Managed Manchester United immediately before Alex Ferguson","Atkinson","category ""Managers""",""
"Managers","2","2026-12-18","","V30146","Managers","Managed Aston Villa to the 1982 European Cup","Barton","category ""Managers""",""
"Managers","2","2026-12-18","","V30136","Managers","Jose Mourinho won the 2004 Champions League with this club","Porto","category ""Managers""",""
"Managers","2","2026-12-18","","V30147","Managers","Managed Celtic to the 1967 European Cup","Stein","category ""Managers""",""
"European nights","2","2026-12-21","","EC1988","European Cup Winner → Year","Won the European Cup in 1988, beating Benfica on penalties","PSV Eindhoven","category ""European Cup Winner → Year""",""
"European nights","2","2026-12-21","","UC2003","Europa League Winner → Year","Won the UEFA Cup in 2003, beating Celtic in the final","Porto","category ""Europa League Winner → Year""",""
"European nights","2","2026-12-21","","EC2002","European Cup Winner → Year","Won the Champions League in 2002, beating Bayer Leverkusen 2-1","Real Madrid","category ""European Cup Winner → Year""",""
"European nights","2","2026-12-21","","ECRU2001","European Cup Runner-Up → Year","Bayern Munich may have won the Champions League in 2001, but who did they beat on penalties in the final?","Valencia","category ""European Cup Runner-Up → Year""",""
"European nights","2","2026-12-21","","UC1983","Europa League Winner → Year","Won the UEFA Cup in 1983, beating Benfica in the final","Anderlecht","category ""Europa League Winner → Year""",""
"European nights","2","2026-12-21","","ECRU2006","European Cup Runner-Up → Year","Barcelona may have won the Champions League in 2006, but who did they beat 2-1 in the final?","Arsenal","category ""European Cup Runner-Up → Year""",""
"European nights","2","2026-12-21","","COW2026","Conference League Winner → Year","Won the Conference League in 2026, beating Rayo Vallecano 1-0","Crystal Palace","category ""Conference League Winner → Year""",""
"European nights","2","2026-12-21","","ECRU2020","European Cup Runner-Up → Year","Bayern Munich may have won the Champions League in 2020, but who did they beat 1-0 in the final?","Paris St Germain","category ""European Cup Runner-Up → Year""",""
"European nights","2","2026-12-21","","UC1994","Europa League Winner → Year","Won the UEFA Cup in 1994, beating Salzburg in the final","Inter Milan","category ""Europa League Winner → Year""",""
"European nights","2","2026-12-21","","CORU2025","Conference League Runner-Up → Year","Chelsea may have won the Conference League in 2025, but who did they beat in the final?","Real Betis","category ""Conference League Runner-Up → Year""",""
"European nights","2","2026-12-21","","UC2014","Europa League Winner → Year","Won the Europa League in 2014, beating Benfica in the final","Sevilla","category ""Europa League Winner → Year""",""
"International","2","2026-12-22","","CAPNIRJENN1986","International Caps → Player","Won 119 caps for Northern Ireland, last appearing in 1986","Jennings","category ""International Caps → Player""",""
"International","2","2026-12-22","","V30444","International Tournaments","Country England beat in the Euro 96 quarter-final shootout","Spain","category ""International Tournaments""",""
"International","2","2026-12-22","","V30440","International Tournaments","City that hosted the 1998 World Cup final","Paris","category ""International Tournaments""",""
"International","2","2026-12-22","","V30458","International Tournaments","England's group-stage opponents in 2010 in the famous 0-0 draw","Algeria","category ""International Tournaments""",""
"International","2","2026-12-22","","V30446","International Tournaments","Country that knocked England out of the 1998 World Cup","Argentina","category ""International Tournaments""",""
"International","2","2026-12-22","","V30434","International Tournaments","Hosted the 2018 World Cup","Russia","category ""International Tournaments""",""
"International","2","2026-12-22","","NAT105","Player → Country","Landon Donovan represented which country?","United States","category ""Player → Country""",""
"International","2","2026-12-22","","EU1968R","Euros Runner-Up → Year","Italy may have won the Euros in 1968, but who did they beat in the final?","Yugoslavia","category ""Euros Runner-Up → Year""",""
"International","2","2026-12-22","","V30463","International Tournaments","Nation that reached the Euro 2016 semi-finals on their tournament debut","Wales","category ""International Tournaments""",""
"International","2","2026-12-22","","EU1988R","Euros Runner-Up → Year","Netherlands may have won the Euros in 1988, but who did they beat in the final?","Soviet Union","category ""Euros Runner-Up → Year""",""
"International","2","2026-12-22","","CA1963W","Copa America Winner → Year","Won the Copa America in 1963, with Paraguay runners-up","Bolivia","category ""Copa America Winner → Year""",""
"Moments & records","2","2026-12-23","","V30250","Famous Goals & Moments","Scored the famous late winner against Argentina at the 1998 World Cup after a brilliant first touch","Bergkamp","category ""Famous Goals & Moments""",""
"Moments & records","2","2026-12-23","","V30245","Famous Goals & Moments","Celebrated wildly after scoring in England's Euro 96 shootout win over Spain","Pearce","category ""Famous Goals & Moments""",""
"Moments & records","2","2026-12-23","","V30411","Records & Milestones","First British club to win the European Cup","Celtic","category ""Records & Milestones""",""
"Moments & records","2","2026-12-23","","V30210","Famous Goals & Moments","Scored Germany's winning goal in the 2014 World Cup final","Gotze","category ""Famous Goals & Moments""",""
"Moments & records","2","2026-12-23","","V30377","Awards & Individual Honours","Germany goalkeeper who won the 2014 World Cup Golden Glove","Neuer","category ""Awards & Individual Honours""",""
"Moments & records","2","2026-12-23","","V30239","Famous Goals & Moments","Scored England's free-kick in the 2018 World Cup semi-final","Trippier","category ""Famous Goals & Moments""",""
"Moments & records","2","2026-12-23","","V30209","Famous Goals & Moments","Scored the winning goal in the Euro 2016 final","Eder","category ""Famous Goals & Moments""",""
"Moments & records","2","2026-12-23","","V30234","Famous Goals & Moments","Had a clear goal controversially disallowed against Germany at the 2010 World Cup","Lampard","category ""Famous Goals & Moments""",""
"Moments & records","2","2026-12-23","","V30215","Famous Goals & Moments","Scored Tottenham's dramatic hat-trick against Ajax in the 2019 Champions League semi-final","Moura","category ""Famous Goals & Moments""",""
"Moments & records","2","2026-12-23","","V30361","Awards & Individual Honours","2006 World Cup Golden Boot winner","Klose","category ""Awards & Individual Honours""",""
"Moments & records","2","2026-12-23","","V30363","Awards & Individual Honours","Croatia's 1998 World Cup Golden Boot winner","Suker","category ""Awards & Individual Honours""",""
"Manchester United","3","2026-12-24","","V30199","Managers","Managed both Chelsea and Manchester United in the Premier League","Mourinho","""manchester united"" in clue",""
"Manchester United","3","2026-12-24","","TRL0453","Transfer → Club Left","Juan Sebastián Verón joined Manchester United from which club in 2001?","Lazio","""manchester united"" in clue",""
"Manchester United","3","2026-12-24","","V30306","Player Identity / Who Am I","Belgian striker who played for Chelsea, Everton and Manchester United before joining Inter Milan in 2019","Lukaku","""manchester united"" in clue",""
"Manchester United","3","2026-12-24","","V30485","Nicknames & Identities","Manchester United striker known as 'The Baby-Faced Assassin'","Solskjaer","""manchester united"" in clue",""
"Manchester United","3","2026-12-24","","TRL0395","Transfer → Club Left","Matthijs de Ligt joined Manchester United from which club in 2024?","Bayern Munich","""manchester united"" in clue",""
"Manchester United","3","2026-12-24","","V30151","Managers","Managed Manchester United immediately before Alex Ferguson","Atkinson","""manchester united"" in clue",""
"Manchester United","3","2026-12-24","","PLRU199697","Premier League Runner-Up → Season","Manchester United won the Premier League in 1996/97, but who finished second on 68 points?","Newcastle United","""manchester united"" in clue",""
"Manchester United","3","2026-12-24","","TRL0103","Transfer → Club Left","Bryan Mbeumo joined Manchester United from which club in 2025?","Brentford","""manchester united"" in clue",""
"Manchester United","3","2026-12-24","","V30310","Player Identity / Who Am I","Serbian defender who joined Manchester United from Spartak Moscow in 2006","Vidic","""manchester united"" in clue",""
"Manchester United","3","2026-12-24","","V30221","Famous Goals & Moments","Goalkeeper whose penalty save secured Manchester United's 2008 Champions League win","Van Der Sar","""manchester united"" in clue",""
"Manchester United","3","2026-12-24","","V30277","Famous Goals & Moments","Scored Manchester United's extra-time winner in the 2016 FA Cup final","Lingard","""manchester united"" in clue",""
"Grounds","3","2026-12-25","","078","Stadium → City","City Ground","Nottingham","category ""Stadium → City""",""
"Grounds","3","2026-12-25","","V30068","Stadiums & Club History","Club that moved from Highbury to the Emirates Stadium in 2006","Arsenal","category ""Stadiums & Club History""",""
"Grounds","3","2026-12-25","","V30076","Stadiums & Club History","Everton’s new waterfront stadium is located at ___-Moore Dock","Bramley","category ""Stadiums & Club History""",""
"Grounds","3","2026-12-25","","084","Stadium → Club","Gtech Community Stadium","Brentford","category ""Stadium → Club""",""
"Grounds","3","2026-12-25","","SNEVERTON","Stadium → Nickname","Hill Dickinson Stadium","Toffees","category ""Stadium → Nickname""",""
"Grounds","3","2026-12-25","","V30088","Stadiums & Club History","Burnley’s historic home ground","Turf Moor","category ""Stadiums & Club History""",""
"Grounds","3","2026-12-25","","074","Stadium → City","Anfield","Liverpool","category ""Stadium → City""",""
"Grounds","3","2026-12-25","","V30069","Stadiums & Club History","Club that left Upton Park for the London Stadium in 2016","West Ham United","category ""Stadiums & Club History""",""
"Grounds","3","2026-12-25","","NSMANCHESTER","Nickname → Stadium","Citizens","Etihad Stadium","category ""Nickname → Stadium""",""
"Grounds","3","2026-12-25","","V30084","Stadiums & Club History","Wolverhampton Wanderers’ home stadium","Molineux","category ""Stadiums & Club History""",""
"Grounds","3","2026-12-25","","V30092","Stadiums & Club History","Real Madrid’s home stadium","Bernabeu","category ""Stadiums & Club History""",""
"Chelsea","3","2026-12-26","","V30194","Managers","Managed Chelsea before becoming Tottenham manager in 2012","Villas Boas","""chelsea"" in clue",""
"Chelsea","3","2026-12-26","","PL0910","Premier League Top Scorer → Season","Chelsea's Premier League top scorer in 2009/10","Drogba","""chelsea"" in clue; ""chelsea"" in entity",""
"Chelsea","3","2026-12-26","","TRL0251","Transfer → Club Left","Jorginho joined Chelsea from which club in 2018?","Napoli","""chelsea"" in clue",""
"Chelsea","3","2026-12-26","","V30077","Stadiums & Club History","Chelsea have played their home games at this stadium since their formation","Stamford Bridge","""chelsea"" in clue; ""stamford bridge"" in answer",""
"Chelsea","3","2026-12-26","","V30295","Player Identity / Who Am I","Spanish striker who moved from Liverpool to Chelsea in 2011","Torres","""chelsea"" in clue",""
"Chelsea","3","2026-12-26","","V30112","Managers","Managed Chelsea when they won the Champions League in 2012","Di Matteo","""chelsea"" in clue",""
"Chelsea","3","2026-12-26","","V30285","Player Identity / Who Am I","Egyptian forward who played for Chelsea and Roma before joining Liverpool in 2017","Salah","""chelsea"" in clue",""
"Chelsea","3","2026-12-26","","TRL0427","Transfer → Club Left","Jorrel Hato joined Chelsea from which club in 2025?","Ajax","""chelsea"" in clue",""
"Chelsea","3","2026-12-26","","FA2017","FA Cup Winner → Year","Won the FA Cup in 2017, beating Chelsea in the final","Arsenal","""chelsea"" in clue",""
"Chelsea","3","2026-12-26","","TRL0433","Transfer → Club Left","Andriy Shevchenko joined Chelsea from which club in 2006?","AC Milan","""chelsea"" in clue",""
"Chelsea","3","2026-12-26","","ECRU2012","European Cup Runner-Up → Year","Chelsea may have won the Champions League in 2012, but who did they beat on penalties in the final?","Bayern Munich","""chelsea"" in clue",""
"Nicknames","3","2026-12-27","","NCSUNDERLAND","Nickname → City","Black Cats","Sunderland","category ""Nickname → City""",""
"Nicknames","3","2026-12-27","","V30301","Player Identity / Who Am I","Spanish midfielder who played for Real Sociedad and Liverpool before joining Real Madrid in 2009","Alonso","category ""Player Identity / Who Am I""",""
"Nicknames","3","2026-12-27","","V30326","Player Identity / Who Am I","Brazilian goalkeeper who joined Liverpool from Roma in 2018","Alisson","category ""Player Identity / Who Am I""",""
"Nicknames","3","2026-12-27","","036","Club → Nickname","Manchester United","Red Devils","category ""Club → Nickname""",""
"Nicknames","3","2026-12-27","","V30512","Nicknames & Identities","'Socceroos' refers to which national team?","Australia","category ""Nicknames & Identities""",""
"Nicknames","3","2026-12-27","","012","Nickname → Club","Tractor Boys","Ipswich Town","category ""Nickname → Club""",""
"Nicknames","3","2026-12-27","","CN2009","Club → Nickname","Southampton","Saints","category ""Club → Nickname""",""
"Nicknames","3","2026-12-27","","NC3MIDDLE0","Nickname → City","Boro","Middlesbrough","category ""Nickname → City""",""
"Nicknames","3","2026-12-27","","V30285","Player Identity / Who Am I","Egyptian forward who played for Chelsea and Roma before joining Liverpool in 2017","Salah","category ""Player Identity / Who Am I""",""
"Nicknames","3","2026-12-27","","V30510","Nicknames & Identities","African national team known as the 'Super Eagles'","Nigeria","category ""Nicknames & Identities""",""
"Nicknames","3","2026-12-27","","V30498","Nicknames & Identities","England defender famously nicknamed 'Psycho'","Pearce","category ""Nicknames & Identities""",""
"Manchester City","3","2027-01-01","","NSMANCHESTER","Nickname → Stadium","Citizens","Etihad Stadium","""manchester city"" in entity; ""etihad"" in answer",""
"Manchester City","3","2027-01-01","","V30398","Records & Milestones","Became Manchester City's record goalscorer in 2017","Aguero","""manchester city"" in clue",""
"Manchester City","3","2027-01-01","","PLRU201819","Premier League Runner-Up → Season","Manchester City won the Premier League in 2018/19, but who finished second on 97 points?","Liverpool","""manchester city"" in clue",""
"Manchester City","3","2027-01-01","","V30322","Player Identity / Who Am I","Spanish midfielder who played for Valencia before joining Manchester City in 2010","Silva","""manchester city"" in clue",""
"Manchester City","3","2027-01-01","","FA2013","FA Cup Winner → Year","Won the FA Cup in 2013, beating Manchester City in the final","Wigan Athletic","""manchester city"" in clue",""
"Manchester City","3","2027-01-01","","TRJ0268","Transfer → Club Joined","Ferran Torres joined which club from Manchester City in 2022?","Barcelona","""manchester city"" in clue",""
"Manchester City","3","2027-01-01","","TRL0575","Transfer → Club Left","Abdukodir Khusanov joined Manchester City from which club in 2025?","Lens","""manchester city"" in clue",""
"Manchester City","3","2027-01-01","","TRL0271","Transfer → Club Left","Tijjani Reijnders joined Manchester City from which club in 2025?","AC Milan","""manchester city"" in clue",""
"Manchester City","3","2027-01-01","","PLRU202324","Premier League Runner-Up → Season","Manchester City won the Premier League in 2023/24, but who finished second on 89 points?","Arsenal","""manchester city"" in clue",""
"Manchester City","3","2027-01-01","","PLUP2002030","Promoted Club → Season","Manchester City and West Bromwich Albion came up from the second tier for 2002/03 — who was the third club promoted?","Birmingham City","""manchester city"" in clue",""
"Manchester City","3","2027-01-01","","V30284","Player Identity / Who Am I","Belgian midfielder who played for Chelsea and Wolfsburg before joining Manchester City in 2015","De Bruyne","""manchester city"" in clue",""
"Derbies","3","2027-01-08","","V30004","Derbies & Rivalries","Liverpool v Everton is known as the ___ derby","Merseyside","category ""Derbies & Rivalries""",""
"Derbies","3","2027-01-08","","V30029","Derbies & Rivalries","Blackburn Rovers’ East Lancashire rivals","Burnley","category ""Derbies & Rivalries""",""
"Derbies","3","2027-01-08","","V30008","Derbies & Rivalries","Arsenal’s North London rivals","Tottenham","category ""Derbies & Rivalries""",""
"Derbies","3","2027-01-08","","V30034","Derbies & Rivalries","Real Madrid’s El Clásico rivals","Barcelona","category ""Derbies & Rivalries""",""
"Derbies","3","2027-01-08","","V30025","Derbies & Rivalries","Crystal Palace’s main rivalry is with this south-coast club","Brighton","category ""Derbies & Rivalries""",""
"Derbies","3","2027-01-08","","V30022","Derbies & Rivalries","Southampton’s South Coast rivals","Portsmouth","category ""Derbies & Rivalries""",""
"Derbies","3","2027-01-08","","V30012","Derbies & Rivalries","Newcastle United’s Tyne-Wear derby rivals","Sunderland","category ""Derbies & Rivalries""",""
"Derbies","3","2027-01-08","","V30050","Derbies & Rivalries","City where the Superclásico is played","Buenos Aires","category ""Derbies & Rivalries""",""
"Derbies","3","2027-01-08","","V30027","Derbies & Rivalries","Norwich City’s East Anglian rivals","Ipswich Town","category ""Derbies & Rivalries""",""
"Derbies","3","2027-01-08","","V30032","Derbies & Rivalries","Cardiff City’s South Wales derby rivals","Swansea City","category ""Derbies & Rivalries""",""
"Derbies","3","2027-01-08","","V30014","Derbies & Rivalries","Aston Villa’s Second City derby rivals","Birmingham City","category ""Derbies & Rivalries""",""
"Arsenal","3","2027-01-15","","FA1978","FA Cup Winner → Year","Won the FA Cup in 1978, beating Arsenal in the final","Ipswich Town","""arsenal"" in clue",""
"Arsenal","3","2027-01-15","","TRL0081","Transfer → Club Left","Nicolas Pépé joined Arsenal from which club in 2019?","Lille","""arsenal"" in clue",""
"Arsenal","3","2027-01-15","","PLRU200102","Premier League Runner-Up → Season","Arsenal won the Premier League in 2001/02, but who finished second on 80 points?","Liverpool","""arsenal"" in clue",""
"Arsenal","3","2027-01-15","","V30293","Player Identity / Who Am I","England defender who controversially moved directly from Tottenham to Arsenal in 2001","Campbell","""arsenal"" in clue",""
"Arsenal","3","2027-01-15","","TRL0315","Transfer → Club Left","Thomas Partey joined Arsenal from which club in 2020?","Atletico Madrid","""arsenal"" in clue",""
"Arsenal","3","2027-01-15","","V30102","Managers","Arsenal manager during their Invincibles season","Wenger","""arsenal"" in clue",""
"Arsenal","3","2027-01-15","","V30228","Famous Goals & Moments","Scored the famous solo FA Cup semi-final goal against Arsenal in 1999","Giggs","""arsenal"" in clue",""
"Arsenal","3","2027-01-15","","V30487","Nicknames & Identities","Arsenal legend known as 'The Non-Flying Dutchman'","Bergkamp","""arsenal"" in clue",""
"Arsenal","3","2027-01-15","","V30200","Managers","Managed Arsenal, Paris St Germain and Aston Villa","Emery","""arsenal"" in clue",""
"Arsenal","3","2027-01-15","","V30281","Player Identity / Who Am I","French striker who played for Monaco and Arsenal before joining Barcelona in 2007","Henry","""arsenal"" in clue",""
"Arsenal","3","2027-01-15","","TRL0515","Transfer → Club Left","Shkodran Mustafi joined Arsenal from which club in 2016?","Valencia","""arsenal"" in clue",""
"Premier League","3","2027-01-22","","PLUP1997982","Promoted Club → Season","Barnsley and Bolton Wanderers came up from the second tier for 1997/98 — who was the third club promoted?","Crystal Palace","category ""Promoted Club → Season""",""
"Premier League","3","2027-01-22","","PL0910","Premier League Top Scorer → Season","Chelsea's Premier League top scorer in 2009/10","Drogba","category ""Premier League Top Scorer → Season""",""
"Premier League","3","2027-01-22","","PLREL2006072","Relegated Club → Season","Sheffield United and Charlton Athletic went down in 2006/07 — who was the third team relegated?","Watford","category ""Relegated Club → Season""",""
"Premier League","3","2027-01-22","","PLREL2013141","Relegated Club → Season","Norwich City and Cardiff City went down in 2013/14 — who was the third team relegated?","Fulham","category ""Relegated Club → Season""",""
"Premier League","3","2027-01-22","","PLRU201314","Premier League Runner-Up → Season","Manchester City won the Premier League in 2013/14, but who finished second on 84 points?","Liverpool","category ""Premier League Runner-Up → Season""",""
"Premier League","3","2027-01-22","","PLREL2010111","Relegated Club → Season","Birmingham City and West Ham United went down in 2010/11 — who was the third team relegated?","Blackpool","category ""Relegated Club → Season""",""
"Premier League","3","2027-01-22","","PLREL2003041","Relegated Club → Season","Leicester City and Wolverhampton Wanderers went down in 2003/04 — who was the third team relegated?","Leeds United","category ""Relegated Club → Season""",""
"Premier League","3","2027-01-22","","PL9495","Premier League Top Scorer → Season","Blackburn Rovers' Premier League top scorer in 1994/95","Shearer","category ""Premier League Top Scorer → Season""",""
"Premier League","3","2027-01-22","","PLRU200405","Premier League Runner-Up → Season","Chelsea won the Premier League in 2004/05, but who finished second on 83 points?","Arsenal","category ""Premier League Runner-Up → Season""",""
"Premier League","3","2027-01-22","","PLUP2016172","Promoted Club → Season","Burnley and Hull City came up from the Championship for 2016/17 — who was the third club promoted?","Middlesbrough","category ""Promoted Club → Season""",""
"Premier League","3","2027-01-22","","PL9899c","Premier League Top Scorer → Season","Manchester United's Premier League top scorer in 1998/99","Yorke","category ""Premier League Top Scorer → Season""",""
"Managers","3","2027-01-29","","V30193","Managers","Managed Bayer Leverkusen through an unbeaten 2023/24 Bundesliga season","Xabi Alonso","category ""Managers""",""
"Managers","3","2027-01-29","","V30172","Managers","Managed Real Madrid to three consecutive Champions League titles from 2016 to 2018","Zidane","category ""Managers""",""
"Managers","3","2027-01-29","","V30119","Managers","Managed Tottenham when they reached the 2019 Champions League final","Pochettino","category ""Managers""",""
"Managers","3","2027-01-29","","V30123","Managers","Managed England at the 1990 World Cup","Robson","category ""Managers""",""
"Managers","3","2027-01-29","","V30131","Managers","Managed Greece to their shock Euro 2004 triumph","Rehhagel","category ""Managers""",""
"Managers","3","2027-01-29","","V30161","Managers","Managed Chelsea to the 2009/10 Premier League and FA Cup double","Ancelotti","category ""Managers""",""
"Managers","3","2027-01-29","","V30137","Managers","Pep Guardiola won his first Champions League as a manager with this club","Barcelona","category ""Managers""",""
"Managers","3","2027-01-29","","V30157","Managers","Managed Manchester United immediately after David Moyes on a permanent basis","Van Gaal","category ""Managers""",""
"Managers","3","2027-01-29","","V30129","Managers","Managed Argentina to the 2022 World Cup","Scaloni","category ""Managers""",""
"Managers","3","2027-01-29","","V30194","Managers","Managed Chelsea before becoming Tottenham manager in 2012","Villas Boas","category ""Managers""",""
"Managers","3","2027-01-29","","V30118","Managers","Managed Liverpool immediately before Jurgen Klopp","Rodgers","category ""Managers""",""
"European nights","3","2027-02-05","","UC2000","Europa League Winner → Year","Won the UEFA Cup in 2000, beating Arsenal in the final","Galatasaray","category ""Europa League Winner → Year""",""
"European nights","3","2027-02-05","","EC1983","European Cup Winner → Year","Won the European Cup in 1983, beating Juventus 1-0","Hamburg","category ""European Cup Winner → Year""",""
"European nights","3","2027-02-05","","EC1995","European Cup Winner → Year","Won the Champions League in 1995, beating AC Milan 1-0","Ajax","category ""European Cup Winner → Year""",""
"European nights","3","2027-02-05","","ECRU1994","European Cup Runner-Up → Year","AC Milan may have won the Champions League in 1994, but who did they beat 4-0 in the final?","Barcelona","category ""European Cup Runner-Up → Year""",""
"European nights","3","2027-02-05","","ECRU2000","European Cup Runner-Up → Year","Real Madrid may have won the Champions League in 2000, but who did they beat 3-0 in the final?","Valencia","category ""European Cup Runner-Up → Year""",""
"European nights","3","2027-02-05","","UC2005","Europa League Winner → Year","Won the UEFA Cup in 2005, beating Sporting Lisbon in the final","CSKA Moscow","category ""Europa League Winner → Year""",""
"European nights","3","2027-02-05","","UC2021","Europa League Winner → Year","Won the Europa League in 2021, beating Manchester United in the final","Villarreal","category ""Europa League Winner → Year""",""
"European nights","3","2027-02-05","","UC1999","Europa League Winner → Year","Won the UEFA Cup in 1999, beating Marseille in the final","Parma","category ""Europa League Winner → Year""",""
"European nights","3","2027-02-05","","UC2011","Europa League Winner → Year","Won the Europa League in 2011, beating Braga in the final","Porto","category ""Europa League Winner → Year""",""
"European nights","3","2027-02-05","","COW2024","Conference League Winner → Year","Won the Conference League in 2024, beating Fiorentina 1-0 after extra time","Olympiacos","category ""Conference League Winner → Year""",""
"European nights","3","2027-02-05","","COW2022","Conference League Winner → Year","Won the Conference League in 2022, beating Feyenoord 1-0","Roma","category ""Conference League Winner → Year""",""
"International","3","2027-02-12","","CA1993W","Copa America Winner → Year","Won the Copa America in 1993, with Mexico runners-up","Argentina","category ""Copa America Winner → Year""",""
"International","3","2027-02-12","","V30437","International Tournaments","Hosted Euro 2016","France","category ""International Tournaments""",""
"International","3","2027-02-12","","V30433","International Tournaments","Hosted the 2014 World Cup","Brazil","category ""International Tournaments""",""
"International","3","2027-02-12","","EU1996R","Euros Runner-Up → Year","Germany may have won the Euros in 1996, but who did they beat in the final?","Czech Republic","category ""Euros Runner-Up → Year""",""
"International","3","2027-02-12","","EU1960W","Euros Winner → Year","Won the Euros in 1960, beating Yugoslavia 2-1 after extra time","Soviet Union","category ""Euros Winner → Year""",""
"International","3","2027-02-12","","CA2001W_V2","Copa America Winner → Year","Which country won the Copa America on home soil in 2001?","Colombia","category ""Copa America Winner → Year""",""
"International","3","2027-02-12","","V30465","International Tournaments","Nation that reached the 2022 World Cup semi-finals after beating Portugal","Morocco","category ""International Tournaments""",""
"International","3","2027-02-12","","CAPENGCLEM1983","International Caps → Player","Won 61 caps for England, last appearing in 1983","Clemence","category ""International Caps → Player""",""
"International","3","2027-02-12","","EU2004W_V2","Euros Winner → Year","Which country stunned hosts Portugal in the final to win Euro 2004?","Greece","category ""Euros Winner → Year""",""
"International","3","2027-02-12","","EU1980R","Euros Runner-Up → Year","West Germany may have won the Euros in 1980, but who did they beat in the final?","Belgium","category ""Euros Runner-Up → Year""",""
"International","3","2027-02-12","","V30442","International Tournaments","City that hosted the 2018 World Cup final","Moscow","category ""International Tournaments""",""
"Moments & records","3","2027-02-19","","V30373","Awards & Individual Honours","France forward who won the Euro 2016 Golden Boot","Griezmann","category ""Awards & Individual Honours""",""
"Moments & records","3","2027-02-19","","V30368","Awards & Individual Honours","Uruguay striker who won the 2010 World Cup Golden Ball","Forlan","category ""Awards & Individual Honours""",""
"Moments & records","3","2027-02-19","","V30416","Records & Milestones","First player to win the Champions League with three different clubs","Seedorf","category ""Records & Milestones""",""
"Moments & records","3","2027-02-19","","V30268","Famous Goals & Moments","Scored Liverpool's second goal in the 2005 Champions League final comeback","Smicer","category ""Famous Goals & Moments""",""
"Moments & records","3","2027-02-19","","V30211","Famous Goals & Moments","Scored the golden goal in the Euro 2000 final","Trezeguet","category ""Famous Goals & Moments""",""
"Moments & records","3","2027-02-19","","V30409","Records & Milestones","Won the Premier League at pre-season odds of 5000-1","Leicester City","category ""Records & Milestones""",""
"Moments & records","3","2027-02-19","","V30219","Famous Goals & Moments","Scored the winning goal for Everton in the 1995 FA Cup final","Rideout","category ""Famous Goals & Moments""",""
"Moments & records","3","2027-02-19","","V30248","Famous Goals & Moments","Missed the decisive penalty in the 1994 World Cup final shootout","Baggio","category ""Famous Goals & Moments""",""
"Moments & records","3","2027-02-19","","V30205","Famous Goals & Moments","Scored the winning penalty for Chelsea in the 2012 Champions League final","Drogba","category ""Famous Goals & Moments""",""
"Moments & records","3","2027-02-19","","V30333","Awards & Individual Honours","2018 Ballon d'Or winner","Modric","category ""Awards & Individual Honours""",""
"Moments & records","3","2027-02-19","","V30421","Records & Milestones","First African nation to reach a men's World Cup semi-final","Morocco","category ""Records & Milestones""",""
"Manchester United","4","2027-02-26","","TRJ0116","Transfer → Club Joined","Romelu Lukaku joined which club from Manchester United in 2019?","Inter Milan","""manchester united"" in clue",""
"Manchester United","4","2027-02-26","","V30217","Famous Goals & Moments","Scored Manchester United's winner in the 1990 FA Cup final replay","Martin","""manchester united"" in clue",""
"Manchester United","4","2027-02-26","","V30480","Nicknames & Identities","Manchester United legend nicknamed 'The King'","Cantona","""manchester united"" in clue",""
"Manchester United","4","2027-02-26","","116","Club → Stadium","Manchester United","Old Trafford","""manchester united"" in clue; ""manchester united"" in entity; ""old trafford"" in answer",""
"Manchester United","4","2027-02-26","","TRL0231","Transfer → Club Left","Fred joined Manchester United from which club in 2018?","Shakhtar Donetsk","""manchester united"" in clue",""
"Manchester United","4","2027-02-26","","V30321","Player Identity / Who Am I","Chilean forward who played for Arsenal before joining Manchester United in 2018","Sanchez","""manchester united"" in clue",""
"Manchester United","4","2027-02-26","","TRJ0046","Transfer → Club Joined","Cristiano Ronaldo joined which club from Manchester United in 2009?","Real Madrid","""manchester united"" in clue",""
"Manchester United","4","2027-02-26","","V30283","Player Identity / Who Am I","Dutch striker who left Arsenal for Manchester United in 2012 and won the title in his first season","Van Persie","""manchester united"" in clue",""
"Manchester United","4","2027-02-26","","PLRU200809","Premier League Runner-Up → Season","Manchester United won the Premier League in 2008/09, but who finished second on 86 points?","Liverpool","""manchester united"" in clue",""
"Manchester United","4","2027-02-26","","V30337","Awards & Individual Honours","Manchester United's 1968 Ballon d'Or winner","Best","""manchester united"" in clue",""
"Manchester United","4","2027-02-26","","V30202","Famous Goals & Moments","Scored Manchester United's injury-time winner in the 1999 Champions League final","Solskjaer","""manchester united"" in clue",""
"Grounds","4","2027-03-05","","106","Club → Stadium","Chelsea","Stamford Bridge","category ""Club → Stadium""",""
"Grounds","4","2027-03-05","","081","Stadium → Club","Emirates Stadium","Arsenal","category ""Stadium → Club""",""
"Grounds","4","2027-03-05","","V30073","Stadiums & Club History","Famous Villa Park stand traditionally home to Aston Villa’s most vocal support","Holte End","category ""Stadiums & Club History""",""
"Grounds","4","2027-03-05","","054","City → Stadium","Liverpool","Anfield","category ""City → Stadium""",""
"Grounds","4","2027-03-05","","064","Stadium → City","Gtech Community Stadium","London","category ""Stadium → City""",""
"Grounds","4","2027-03-05","","NSLEEDSUNITE","Nickname → Stadium","Whites","Elland Road","category ""Nickname → Stadium""",""
"Grounds","4","2027-03-05","","089","Stadium → Club","Hill Dickinson Stadium","Everton","category ""Stadium → Club""",""
"Grounds","4","2027-03-05","","V30065","Stadiums & Club History","Millwall’s former home before moving to The Den in 1993","The Old Den","category ""Stadiums & Club History""",""
"Grounds","4","2027-03-05","","V30082","Stadiums & Club History","Sheffield United’s home, one of the world’s oldest professional football grounds","Bramall Lane","category ""Stadiums & Club History""",""
"Grounds","4","2027-03-05","","V30055","Stadiums & Club History","Sunderland’s home before the Stadium of Light","Roker Park","category ""Stadiums & Club History""",""
"Grounds","4","2027-03-05","","V30089","Stadiums & Club History","Portsmouth’s home stadium","Fratton Park","category ""Stadiums & Club History""",""
"Chelsea","4","2027-03-12","","FA2021","FA Cup Winner → Year","Won the FA Cup in 2021, beating Chelsea in the final","Leicester City","""chelsea"" in clue",""
"Chelsea","4","2027-03-12","","V30313","Player Identity / Who Am I","Spanish striker who played for Atletico Madrid and Liverpool before joining Chelsea in 2011","Torres","""chelsea"" in clue",""
"Chelsea","4","2027-03-12","","V30163","Managers","Managed Chelsea to the 2016/17 Premier League title","Conte","""chelsea"" in clue",""
"Chelsea","4","2027-03-12","","PLRU200405","Premier League Runner-Up → Season","Chelsea won the Premier League in 2004/05, but who finished second on 83 points?","Arsenal","""chelsea"" in clue",""
"Chelsea","4","2027-03-12","","PLRU201415","Premier League Runner-Up → Season","Chelsea won the Premier League in 2014/15, but who finished second on 79 points?","Manchester City","""chelsea"" in clue",""
"Chelsea","4","2027-03-12","","TRL0533","Transfer → Club Left","Hakim Ziyech joined Chelsea from which club in 2020?","Ajax","""chelsea"" in clue",""
"Chelsea","4","2027-03-12","","TRL0489","Transfer → Club Left","Kalidou Koulibaly joined Chelsea from which club in 2022?","Napoli","""chelsea"" in clue",""
"Chelsea","4","2027-03-12","","TRL0401","Transfer → Club Left","Axel Disasi joined Chelsea from which club in 2023?","Monaco","""chelsea"" in clue",""
"Chelsea","4","2027-03-12","","V30148","Managers","Managed Porto before joining Chelsea in 2004","Mourinho","""chelsea"" in clue",""
"Chelsea","4","2027-03-12","","V30316","Player Identity / Who Am I","Belgian goalkeeper who played for Chelsea before joining Real Madrid in 2018","Courtois","""chelsea"" in clue",""
"Chelsea","4","2027-03-12","","106","Club → Stadium","Chelsea","Stamford Bridge","""chelsea"" in clue; ""chelsea"" in entity; ""stamford bridge"" in answer",""
"Nicknames","4","2027-03-19","","NC2020","Nickname → Club","Boro","Middlesbrough","category ""Nickname → Club""",""
"Nicknames","4","2027-03-19","","V30290","Player Identity / Who Am I","Croatian midfielder who joined Real Madrid from Tottenham in 2012 and later won the Ballon d'Or","Modric","category ""Player Identity / Who Am I""",""
"Nicknames","4","2027-03-19","","038","Club → Nickname","Nottingham Forest","Tricky Trees","category ""Club → Nickname""",""
"Nicknames","4","2027-03-19","","V30516","Nicknames & Identities","Argentine striker commonly known as 'Kun'","Aguero","category ""Nicknames & Identities""",""
"Nicknames","4","2027-03-19","","V30323","Player Identity / Who Am I","Brazilian defender who played for Chelsea and PSG before joining Arsenal in 2019","David Luiz","category ""Player Identity / Who Am I""",""
"Nicknames","4","2027-03-19","","CNIPSWICHTOW","City → Nickname","Ipswich","Tractor Boys","category ""City → Nickname""",""
"Nicknames","4","2027-03-19","","CNSUNDERLAND","City → Nickname","Sunderland","Black Cats","category ""City → Nickname""",""
"Nicknames","4","2027-03-19","","V30488","Nicknames & Identities","Liverpool's Brazilian forward nicknamed 'The Little Magician'","Coutinho","category ""Nicknames & Identities""",""
"Nicknames","4","2027-03-19","","V30320","Player Identity / Who Am I","German midfielder who played for Real Madrid before joining Arsenal in 2013","Ozil","category ""Player Identity / Who Am I""",""
"Nicknames","4","2027-03-19","","V30493","Nicknames & Identities","Manchester United midfielder nicknamed 'The Ginger Pele'","Scholes","category ""Nicknames & Identities""",""
"Nicknames","4","2027-03-19","","V30494","Nicknames & Identities","Arsenal midfielder known as 'The Romford Pele'","Parlour","category ""Nicknames & Identities""",""
"Manchester City","4","2027-03-26","","TRL0097","Transfer → Club Left","Kevin De Bruyne joined Manchester City from which club in 2015?","Wolfsburg","""manchester city"" in clue",""
"Manchester City","4","2027-03-26","","V30276","Famous Goals & Moments","Scored Wigan Athletic's late winner against Manchester City in the 2013 FA Cup final","Watson","""manchester city"" in clue",""
"Manchester City","4","2027-03-26","","EC2021","European Cup Winner → Year","Won the Champions League in 2021, beating Manchester City 1-0","Chelsea","""manchester city"" in clue",""
"Manchester City","4","2027-03-26","","V30347","Awards & Individual Honours","Manchester City's 2022/23 PFA Player of the Year","Haaland","""manchester city"" in clue",""
"Manchester City","4","2027-03-26","","PLREL2000011","Relegated Club → Season","Manchester City and Bradford City went down in 2000/01 — who was the third team relegated?","Coventry City","""manchester city"" in clue",""
"Manchester City","4","2027-03-26","","TRL0219","Transfer → Club Left","Nico González joined Manchester City from which club in 2025?","Porto","""manchester city"" in clue",""
"Manchester City","4","2027-03-26","","TRL0261","Transfer → Club Left","John Stones joined Manchester City from which club in 2016?","Everton","""manchester city"" in clue",""
"Manchester City","4","2027-03-26","","V30311","Player Identity / Who Am I","French midfielder who played for Arsenal, Juventus and Inter before joining Manchester City in 2010","Vieira","""manchester city"" in clue",""
"Manchester City","4","2027-03-26","","055","City → Stadium","Manchester","Etihad Stadium","""manchester city"" in entity; ""etihad"" in answer",""
"Manchester City","4","2027-03-26","","PLRU202122","Premier League Runner-Up → Season","Manchester City won the Premier League in 2021/22, but who finished second on 92 points?","Liverpool","""manchester city"" in clue",""
"Manchester City","4","2027-03-26","","PLREL1995962","Relegated Club → Season","Manchester City and Queens Park Rangers went down in 1995/96 — who was the third team relegated?","Bolton Wanderers","""manchester city"" in clue",""
"Premier League","4","2027-04-02","","PL1011","Premier League Top Scorer → Season","Manchester United's Premier League top scorer in 2010/11","Berbatov","category ""Premier League Top Scorer → Season""",""
"Premier League","4","2027-04-02","","PLUP2022231","Promoted Club → Season","AFC Bournemouth and Nottingham Forest came up from the Championship for 2022/23 — who was the third club promoted?","Fulham","category ""Promoted Club → Season""",""
"Premier League","4","2027-04-02","","PL1617","Premier League Top Scorer → Season","Tottenham Hotspur's Premier League top scorer in 2016/17","Kane","category ""Premier League Top Scorer → Season""",""
"Premier League","4","2027-04-02","","PLUP2005062","Promoted Club → Season","Sunderland and West Ham United came up from the Championship for 2005/06 — who was the third club promoted?","Wigan Athletic","category ""Promoted Club → Season""",""
"Premier League","4","2027-04-02","","PLREL2019201","Relegated Club → Season","AFC Bournemouth and Norwich City went down in 2019/20 — who was the third team relegated?","Watford","category ""Relegated Club → Season""",""
"Premier League","4","2027-04-02","","PL1718","Premier League Top Scorer → Season","Liverpool's Premier League top scorer in 2017/18","Salah","category ""Premier League Top Scorer → Season""",""
"Premier League","4","2027-04-02","","PLRU200001","Premier League Runner-Up → Season","Manchester United won the Premier League in 2000/01, but who finished second on 70 points?","Arsenal","category ""Premier League Runner-Up → Season""",""
"Premier League","4","2027-04-02","","PLUP2014150","Promoted Club → Season","Leicester City and Queens Park Rangers came up from the Championship for 2014/15 — who was the third club promoted?","Burnley","category ""Promoted Club → Season""",""
"Premier League","4","2027-04-02","","PLUP2019200","Promoted Club → Season","Norwich City and Sheffield United came up from the Championship for 2019/20 — who was the third club promoted?","Aston Villa","category ""Promoted Club → Season""",""
"Premier League","4","2027-04-02","","PLREL2017180","Relegated Club → Season","Stoke City and West Bromwich Albion went down in 2017/18 — who was the third team relegated?","Swansea City","category ""Relegated Club → Season""",""
"Premier League","4","2027-04-02","","PLREL2016171","Relegated Club → Season","Hull City and Sunderland went down in 2016/17 — who was the third team relegated?","Middlesbrough","category ""Relegated Club → Season""",""
"Managers","4","2027-04-09","","V30148","Managers","Managed Porto before joining Chelsea in 2004","Mourinho","category ""Managers""",""
"Managers","4","2027-04-09","","V30179","Managers","Managed Paris St Germain to their first Champions League final in 2020","Tuchel","category ""Managers""",""
"Managers","4","2027-04-09","","V30191","Managers","Managed Newcastle to their 2025 League Cup triumph","Howe","category ""Managers""",""
"Managers","4","2027-04-09","","V30140","Managers","Rafa Benitez won the Champions League with this club","Liverpool","category ""Managers""",""
"Managers","4","2027-04-09","","V30195","Managers","Managed both Southampton and Tottenham before joining Paris St Germain","Pochettino","category ""Managers""",""
"Managers","4","2027-04-09","","V30186","Managers","Managed Spain to the 2023 Nations League title","De La Fuente","category ""Managers""",""
"Managers","4","2027-04-09","","V30150","Managers","Managed AC Milan to Champions League wins in 2003 and 2007","Ancelotti","category ""Managers""",""
"Managers","4","2027-04-09","","V30165","Managers","Managed Arsenal to the 2020 FA Cup","Arteta","category ""Managers""",""
"Managers","4","2027-04-09","","V30198","Managers","Italian manager who won the Premier League with Chelsea before later managing Tottenham","Conte","category ""Managers""",""
"Managers","4","2027-04-09","","V30143","Managers","Long-serving Everton manager who later succeeded Ferguson at Manchester United","Moyes","category ""Managers""",""
"Managers","4","2027-04-09","","V30190","Managers","Managed Wales to the Euro 2016 semi-finals","Coleman","category ""Managers""",""
"European nights","4","2027-04-16","","UC2001","Europa League Winner → Year","Won the UEFA Cup in 2001, beating Alaves in the final","Liverpool","category ""Europa League Winner → Year""",""
"European nights","4","2027-04-16","","EC1961","European Cup Winner → Year","Won the European Cup in 1961, beating Barcelona 3-2","Benfica","category ""European Cup Winner → Year""",""
"European nights","4","2027-04-16","","EC1969","European Cup Winner → Year","Won the European Cup in 1969, beating Ajax 4-1","AC Milan","category ""European Cup Winner → Year""",""
"European nights","4","2027-04-16","","EC2021","European Cup Winner → Year","Won the Champions League in 2021, beating Manchester City 1-0","Chelsea","category ""European Cup Winner → Year""",""
"European nights","4","2027-04-16","","CORU2024","Conference League Runner-Up → Year","Olympiacos may have won the Conference League in 2024, but who did they beat in the final?","Fiorentina","category ""Conference League Runner-Up → Year""",""
"European nights","4","2027-04-16","","EC2000","European Cup Winner → Year","Won the Champions League in 2000, beating Valencia 3-0","Real Madrid","category ""European Cup Winner → Year""",""
"European nights","4","2027-04-16","","UC1991","Europa League Winner → Year","Won the UEFA Cup in 1991, beating Roma in the final","Inter Milan","category ""Europa League Winner → Year""",""
"European nights","4","2027-04-16","","EC1993_V2","European Cup Winner → Year","The only French club to lift the Champions League, in 1993","Marseille","category ""European Cup Winner → Year""",""
"European nights","4","2027-04-16","","EC1982","European Cup Winner → Year","Won the European Cup in 1982, beating Bayern Munich 1-0","Aston Villa","category ""European Cup Winner → Year""",""
"European nights","4","2027-04-16","","EC2004","European Cup Winner → Year","Won the Champions League in 2004, beating Monaco 3-0","Porto","category ""European Cup Winner → Year""",""
"European nights","4","2027-04-16","","UC1981","Europa League Winner → Year","Won the UEFA Cup in 1981, beating AZ Alkmaar in the final","Ipswich Town","category ""Europa League Winner → Year""",""
"International","4","2027-04-23","","WC1990","World Cup Winner → Year","Won the World Cup in 1990, beating Argentina","West Germany","category ""World Cup Winner → Year""",""
"International","4","2027-04-23","","EU2004W_V3","Euros Winner → Year","Otto Rehhagel managed which country to their 2004 Euros win?","Greece","category ""Euros Winner → Year""",""
"International","4","2027-04-23","","CAPENGSHEA2000","International Caps → Player","Won 63 caps for England, last appearing in 2000","Shearer","category ""International Caps → Player""",""
"International","4","2027-04-23","","V30431","International Tournaments","Hosted the 2006 World Cup","Germany","category ""International Tournaments""",""
"International","4","2027-04-23","","NAT104","Player → Country","Hwang Hee-chan represented which country?","South Korea","category ""Player → Country""",""
"International","4","2027-04-23","","NAT102","Player → Country","Yaya Toure represented which country?","Ivory Coast","category ""Player → Country""",""
"International","4","2027-04-23","","NAT009","Player → Country","Christian Pulisic represented which country?","United States","category ""Player → Country""",""
"International","4","2027-04-23","","CAPIRLALDR1996","International Caps → Player","Won 69 caps for the Republic of Ireland, last appearing in 1996","Aldridge","category ""International Caps → Player""",""
"International","4","2027-04-23","","WCRU1994","World Cup Runner-Up → Year","Brazil may have won the World Cup in 1994, but who did they beat on penalties in the final?","Italy","category ""World Cup Runner-Up → Year""",""
"International","4","2027-04-23","","CA1975W","Copa America Winner → Year","Won the Copa America in 1975, with Colombia runners-up","Peru","category ""Copa America Winner → Year""",""
"International","4","2027-04-23","","V30473","International Tournaments","Nation that won the World Cup between their Euro 2008 and Euro 2012 titles","Spain","category ""International Tournaments""",""
"Moments & records","4","2027-04-30","","V30396","Records & Milestones","Scored five goals in nine minutes against Wolfsburg in 2015","Lewandowski","category ""Records & Milestones""",""
"Moments & records","4","2027-04-30","","V30253","Famous Goals & Moments","Scored the long-range volley against Argentina that won the 2018 World Cup Goal of the Tournament award","Pavard","category ""Famous Goals & Moments""",""
"Moments & records","4","2027-04-30","","V30424","Records & Milestones","First nation to win three men's World Cups","Brazil","category ""Records & Milestones""",""
"Moments & records","4","2027-04-30","","V30414","Records & Milestones","First club to win the European Cup five times","Real Madrid","category ""Records & Milestones""",""
"Moments & records","4","2027-04-30","","V30270","Famous Goals & Moments","Liverpool goalkeeper who made the famous extra-time double save from Shevchenko in the 2005 Champions League final","Dudek","category ""Famous Goals & Moments""",""
"Moments & records","4","2027-04-30","","V30356","Awards & Individual Honours","Scored 36 league goals to win the 2022/23 Golden Boot","Haaland","category ""Awards & Individual Honours""",""
"Moments & records","4","2027-04-30","","V30346","Awards & Individual Honours","2021/22 PFA Player of the Year","Salah","category ""Awards & Individual Honours""",""
"Moments & records","4","2027-04-30","","V30422","Records & Milestones","First Asian nation to reach a men's World Cup semi-final","South Korea","category ""Records & Milestones""",""
"Moments & records","4","2027-04-30","","V30201","Famous Goals & Moments","Scored Manchester City's title-winning goal against QPR in 2012","Aguero","category ""Famous Goals & Moments""",""
"Moments & records","4","2027-04-30","","V30251","Famous Goals & Moments","Scored the spectacular diving header against Spain at the 2014 World Cup","Van Persie","category ""Famous Goals & Moments""",""
"Moments & records","4","2027-04-30","","V30267","Famous Goals & Moments","Scored Liverpool's first goal of their comeback in the 2005 Champions League final","Gerrard","category ""Famous Goals & Moments""",""
